DSH_target,charge_target,P_cond [MPa],P_eva [MPa],Q_cond [kW],Q_eva [kW],W_comp [kW],COP_H,COP_R,mtot [kg],mdot [kg/s],DSH [K],DSC [K]
2.894736842,0.478947368,2.900626723,1.199244026,9.529840115,8.025169004,1.617923552,5.890167123,4.960165759,0.032127503,0.032127503,2.894736842,6.601288099
2.421052632,0.478947368,2.902411062,1.199025559,9.534392448,8.033553068,1.619010756,5.889023537,4.962013401,0.032235647,0.032235647,2.421052632,6.588159196
6.210526316,0.478947368,2.887391593,1.198163167,9.48334763,7.952854547,1.610383397,5.888875685,4.938485185,0.031338693,0.031338693,6.210526316,6.701739102
5.736842105,0.478947368,2.889198028,1.198233831,9.489335261,7.962527299,1.611449306,5.888696109,4.94122109,0.031445034,0.031445034,5.736842105,6.688386323
5.263157895,0.478947368,2.891017001,1.198302299,9.495344321,7.97223114,1.612518004,5.888519877,4.943964109,0.031552597,0.031552597,5.263157895,6.674685693
4.789473684,0.478947368,2.892848756,1.198368525,9.50137489,7.981966778,1.61358938,5.888347436,4.946714992,0.031661416,0.031661416,4.789473684,6.660629415
3.842105263,0.478947368,2.896532293,1.198475567,9.513788787,8.001836133,1.615732241,5.88822117,4.952451854,0.031882457,0.031882457,3.842105263,6.637738437
4.315789474,0.478947368,2.894693561,1.198432488,9.507426732,7.991734521,1.614663321,5.888179045,4.949474244,0.031771527,0.031771527,4.315789474,6.646205229
3.368421053,0.478947368,2.898417181,1.198534759,9.519895038,8.011671985,1.616819863,5.888036913,4.955203834,0.031995254,0.031995254,3.368421053,6.622792971
1.947368421,0.478947368,2.904210057,1.198805555,9.538970208,8.041976209,1.620099281,5.887892379,4.963878637,0.032345234,0.032345234,1.947368421,6.574644922
1.473684211,0.478947368,2.906024036,1.198584011,9.543573084,8.050438802,1.621188925,5.886774165,4.965762272,0.032456312,0.032456312,1.473684211,6.560731514
1,0.478947368,2.90785329,1.198360948,9.548200479,8.058940837,1.622279445,5.885669395,4.967665011,0.032568927,0.032568927,1,6.54640347
6.684210526,0.478947368,2.884954001,1.196699664,9.469232044,7.935451968,1.609308834,5.884036578,4.930968998,0.031196452,0.031196452,6.684210526,6.727193011
7.157894737,0.478947368,2.883119835,1.196277773,9.461336865,7.923914038,1.608319819,5.882745926,4.926827328,0.031083411,0.031083411,7.157894737,6.744572192
5.736842105,0.431578947,2.861033248,1.205403346,9.353943536,7.846580332,1.59006694,5.882735689,4.934748428,0.031638023,0.031638023,5.736842105,3.761469014
5.263157895,0.431578947,2.862840843,1.205528396,9.359048709,7.855375336,1.591127546,5.882022928,4.936986576,0.031747987,0.031747987,5.263157895,3.737723371
7.631578947,0.478947368,2.881176884,1.195851186,9.453354466,7.912379414,1.607253448,5.881682492,4.922919545,0.030971511,0.030971511,7.631578947,6.759691945
4.789473684,0.431578947,2.864661739,1.205651958,9.364163982,7.864189923,1.59219131,5.881305799,4.939224247,0.031859255,0.031859255,4.789473684,3.71356956
4.315789474,0.431578947,2.866384941,1.205774932,9.369198358,7.873009618,1.593181888,5.880808984,4.941689131,0.03197189,0.03197189,4.315789474,3.687103398
8.105263158,0.478947368,2.879244901,1.195419408,9.445375139,7.90085702,1.60619093,5.880605452,4.919002389,0.030860711,0.030860711,8.105263158,6.774471004
3.842105263,0.431578947,2.868217689,1.205895613,9.374320236,7.881861871,1.594241045,5.880114719,4.943958691,0.032085884,0.032085884,3.842105263,3.66184277
6.210526316,0.431578947,2.858713597,1.204129041,9.342675075,7.831927701,1.58902312,5.879508583,4.928768877,0.03149856,0.03149856,6.210526316,3.800177698
3.368421053,0.431578947,2.870064169,1.206014828,9.379450298,7.890733314,1.595302766,5.879417059,4.946229319,0.032201299,0.032201299,3.368421053,3.636131908
6.684210526,0.431578947,2.856800998,1.203678073,9.335262256,7.820914592,1.587985067,5.878683907,4.925055503,0.031382615,0.031382615,6.684210526,3.818402047
7.157894737,0.431578947,2.854885635,1.203194428,9.328293518,7.810363076,1.586950333,5.878125687,4.921617843,0.031267121,0.031267121,7.157894737,3.84585862
7.631578947,0.431578947,2.852981481,1.202706271,9.321316845,7.799812763,1.58591956,5.877547058,4.918164173,0.0311528,0.0311528,7.631578947,3.872927447
8.578947368,0.478947368,2.87674624,1.193730415,9.430033191,7.882331283,1.605123399,5.874958396,4.910732275,0.030718162,0.030718162,8.578947368,6.799488637
8.105263158,0.431578947,2.850650224,1.201240431,9.309069516,7.784248603,1.584909358,5.873565874,4.911478732,0.031013988,0.031013988,8.105263158,3.912264923
9.052631579,0.478947368,2.874635188,1.192851104,9.419484453,7.868378588,1.604066695,5.872252372,4.905268973,0.030598199,0.030598199,9.052631579,6.817185392
8.578947368,0.431578947,2.848571552,1.200303999,9.299699411,7.771433352,1.583895236,5.871410686,4.906532438,0.030890509,0.030890509,8.578947368,3.944269907
9.526315789,0.478947368,2.872531536,1.191959757,9.4088947,7.854395094,1.603014203,5.869501767,4.899766376,0.030479167,0.030479167,9.526315789,6.834531377
2.894736842,0.431578947,2.872246161,1.206826797,9.388300026,7.903152744,1.599533502,5.869398807,4.940911044,0.032337397,0.032337397,2.894736842,3.600327438
9.052631579,0.431578947,2.846500639,1.199356199,9.29027903,7.758577671,1.582885587,5.869204385,4.90154041,0.030768031,0.030768031,9.052631579,3.975919836
2.894736842,0.526315789,2.933620278,1.19436011,9.630863572,8.104062867,1.641366835,5.867587529,4.937386752,0.03199241,0.03199241,2.894736842,8.809266542
9.526315789,0.431578947,2.844437355,1.198397077,9.280809072,7.745682165,1.58188048,5.866947084,4.896502777,0.030646528,0.030646528,9.526315789,4.007221305
2.421052632,0.526315789,2.935440922,1.194100394,9.636093774,8.113124,1.642464974,5.866848867,4.939602443,0.032098758,0.032098758,2.421052632,8.805171425
1.947368421,0.526315789,2.937276073,1.193838491,9.641359659,8.122235061,1.643564071,5.866129487,4.941842673,0.032206509,0.032206509,1.947368421,8.800776937
1.473684211,0.526315789,2.938979281,1.193574727,9.646558529,8.131391108,1.64456671,5.865714337,4.944397244,0.032315718,0.032315718,1.473684211,8.793881096
1,0.526315789,2.940823369,1.193308448,9.651881148,8.140603039,1.645653227,5.865075942,4.946730519,0.032426409,0.032426409,1,8.788548279
3.368421053,0.526315789,2.931386443,1.193724221,9.620095262,8.089752114,1.640235402,5.865069884,4.93206774,0.031862834,0.031862834,3.368421053,8.817990155
3.842105263,0.526315789,2.929466305,1.193709896,9.613256255,8.079189396,1.639131113,5.864848868,4.928946397,0.031751889,0.031751889,3.842105263,8.822946957
4.315789474,0.526315789,2.927559694,1.193692665,9.606447947,8.068669201,1.638028838,5.864639086,4.925840751,0.031642269,0.031642269,4.315789474,8.827595401
4.789473684,0.526315789,2.925666392,1.193672535,9.599670552,8.058191488,1.636928759,5.864440035,4.922750267,0.031533939,0.031533939,4.789473684,8.8319455
5.263157895,0.526315789,2.923786167,1.193649523,9.592924129,8.047755975,1.635831037,5.864251203,4.919674338,0.031426865,0.031426865,5.263157895,8.836006901
5.736842105,0.526315789,2.921918771,1.193623667,9.586208613,8.0373621,1.634735805,5.864072091,4.916612258,0.031321011,0.031321011,5.736842105,8.839788592
10,0.478947368,2.869990307,1.190095096,9.392583371,7.834972711,1.601957145,5.863192658,4.89087535,0.030336162,0.030336162,10,6.859166143
10,0.431578947,2.841851535,1.196249113,9.26487513,7.726636167,1.580898553,5.86051212,4.887496515,0.030495483,0.030495483,10,4.052889583
6.210526316,0.526315789,2.919595958,1.192613036,9.573394552,8.02117984,1.633609482,5.860271172,4.910096281,0.031190051,0.031190051,6.210526316,8.848111672
6.684210526,0.526315789,2.917593937,1.192243881,9.564634558,8.008863415,1.632509498,5.858853851,4.905860226,0.031077651,0.031077651,6.684210526,8.852940682
7.157894737,0.526315789,2.915602827,1.191868851,9.555885592,7.996568342,1.631412709,5.857429907,4.901621949,0.030966371,0.030966371,7.157894737,8.857469857
7.631578947,0.526315789,2.913622473,1.191487996,9.547147764,7.984294583,1.630319219,5.855999031,4.897381134,0.030856184,0.030856184,7.631578947,8.861704875
8.105263158,0.526315789,2.911652689,1.191101375,9.538421278,7.972041973,1.629229115,5.854561027,4.893137437,0.030747063,0.030747063,8.105263158,8.865653884
8.578947368,0.526315789,2.909145501,1.189559253,9.522517942,7.952974332,1.628104153,5.848838311,4.884806859,0.030608854,0.030608854,8.578947368,8.874315838
9.052631579,0.526315789,2.907021114,1.188741016,9.510960641,7.938021698,1.627023999,5.845617918,4.878859626,0.030490945,0.030490945,9.052631579,8.875718404
9.526315789,0.526315789,2.904895077,1.187899368,9.499546919,7.923229174,1.62594483,5.842478014,4.873000012,0.030373651,0.030373651,9.526315789,8.880909043
10,0.526315789,2.902901929,1.187044856,9.488189235,7.908419329,1.624953626,5.839052316,4.866858476,0.030257226,0.030257226,10,8.88770526
5.263157895,0.384210526,2.839039504,1.216840047,9.160045214,7.673512456,1.570941317,5.830927684,4.884658882,0.032054142,0.032054142,5.263157895,5.68E-14
7.631578947,0.384210526,2.829214257,1.213437366,9.129025484,7.624618623,1.565913447,5.829840406,4.869118813,0.031436825,0.031436825,7.631578947,0
7.157894737,0.384210526,2.831103319,1.214007101,9.134708671,7.633886327,1.566915239,5.829740143,4.871920405,0.031554554,0.031554554,7.157894737,0
6.684210526,0.384210526,2.833003799,1.214573224,9.140371287,7.643142068,1.567921205,5.829611372,4.874697812,0.031673519,0.031673519,6.684210526,0
4.789473684,0.384210526,2.840831641,1.217039668,9.163944124,7.681121423,1.571977188,5.82956559,4.886280463,0.032168884,0.032168884,4.789473684,0
6.210526316,0.384210526,2.834915907,1.215135734,9.146012409,7.652385176,1.568931276,5.829453814,4.877450845,0.031793752,0.031793752,6.210526316,0
5.736842105,0.384210526,2.836839843,1.215694643,9.151630969,7.661614749,1.569945353,5.829267211,4.880179259,0.031915289,0.031915289,5.736842105,0
4.315789474,0.384210526,2.84263733,1.2172388,9.167837282,7.688734125,1.57301617,5.82819011,4.887892619,0.032285038,0.032285038,4.315789474,0
3.842105263,0.384210526,2.844456861,1.21743747,9.171723691,7.696350115,1.574058162,5.826801011,4.889495382,0.032402646,0.032402646,3.842105263,0
2.894736842,0.384210526,2.848477696,1.21859057,9.18304692,7.714987845,1.576124461,5.826346298,4.894910291,0.032663384,0.032663384,2.894736842,0
8.105263158,0.384210526,2.826798721,1.211651762,9.117478008,7.609774781,1.564964487,5.825996744,4.862586239,0.031288338,0.031288338,8.105263158,5.68E-14
3.368421053,0.384210526,2.84629051,1.217635725,9.175602183,7.70396863,1.575103043,5.825398041,4.891088658,0.03252175,0.03252175,3.368421053,5.68E-14
8.578947368,0.384210526,2.824732804,1.210623075,9.109570903,7.598402919,1.563990409,5.824569545,4.858343681,0.031161261,0.031161261,8.578947368,0
2.894736842,0.573684211,2.971193787,1.191192659,9.706917204,8.155358245,1.666978009,5.823062542,4.892301038,0.031904837,0.031904837,2.894736842,10.49515066
2.421052632,0.573684211,2.973052436,1.190902031,9.712655113,8.164928162,1.668082769,5.822645789,4.894797976,0.032009906,0.032009906,2.421052632,10.49888376
9.052631579,0.384210526,2.822708636,1.209625966,9.100920634,7.586277404,1.563029515,5.822615983,4.853572715,0.031036346,0.031036346,9.052631579,0.009357935
1.947368421,0.573684211,2.974925265,1.190608699,9.718436697,8.174556694,1.669187952,5.822254278,4.897325482,0.032116349,0.032116349,1.947368421,10.5024024
1.473684211,0.573684211,2.97681255,1.190312628,9.7242621,8.184244695,1.670293301,5.821888943,4.899884763,0.032224207,0.032224207,1.473684211,10.50569744
1,0.573684211,2.978714545,1.190013813,9.730131294,8.193992613,1.671398518,5.821550748,4.902476893,0.032333524,0.032333524,1,10.50875904
3.368421053,0.573684211,2.968918252,1.190609476,9.695519818,8.140435161,1.665816536,5.82028069,4.886753724,0.031777132,0.031777132,3.368421053,10.49297123
3.842105263,0.573684211,2.967091431,1.190628356,9.688221624,8.129331735,1.664785701,5.819500742,4.883110018,0.031667498,0.031667498,3.842105263,10.49128045
4.315789474,0.573684211,2.965124825,1.190644044,9.680858097,8.118275603,1.663656088,5.81902604,4.879779939,0.031559166,0.031559166,4.315789474,10.48713496
4.789473684,0.573684211,2.963171556,1.190656329,9.673533327,8.10727021,1.662528384,5.81856732,4.876470252,0.031452095,0.031452095,4.789473684,10.48277463
5.263157895,0.573684211,2.961231421,1.190665245,9.666247148,8.096315029,1.66140278,5.818123854,4.873180137,0.031346252,0.031346252,5.263157895,10.47820613
9.526315789,0.384210526,2.820252348,1.207613432,9.088222629,7.570344088,1.562116635,5.817889923,4.846209251,0.030886301,0.030886301,9.526315789,0.069760004
5.736842105,0.573684211,2.959304168,1.190670838,9.658999346,8.085409352,1.660279419,5.817695041,4.869908798,0.031241604,0.031241604,5.736842105,10.4734371
10,0.384210526,2.818081157,1.205990855,9.077510988,7.556244816,1.561261683,5.81421493,4.83983236,0.030747854,0.030747854,10,0.125162337
6.210526316,0.573684211,2.956946166,1.189740885,9.645544184,8.068606668,1.659111736,5.813679679,4.863208724,0.031113162,0.031113162,6.210526316,10.46738049
6.684210526,0.573684211,2.954900372,1.189405977,9.636210837,8.055733308,1.657987071,5.811993956,4.85874314,0.031002013,0.031002013,6.684210526,10.46299378
7.157894737,0.573684211,2.952865214,1.189064725,9.6268954,8.0428887,1.656865182,5.81030702,4.854280714,0.030891958,0.030891958,7.157894737,10.45837137
7.631578947,0.573684211,2.950840531,1.188717181,9.617597883,8.03007276,1.655746137,5.808618646,4.849821226,0.03078297,0.03078297,7.631578947,10.45351965
8.105263158,0.573684211,2.948826156,1.188363416,9.608318314,8.017285143,1.654630045,5.80692847,4.845364176,0.030675024,0.030675024,8.105263158,10.44844465
2.421052632,0.431578947,2.873992278,1.206663263,9.391950832,7.910640014,1.618584859,5.802569314,4.887380462,0.032448077,0.032448077,2.421052632,3.577619963
8.578947368,0.573684211,2.946300466,1.186918794,9.591982266,7.997804379,1.653460177,5.801157113,4.837010586,0.03053968,0.03053968,8.578947368,10.44444198
9.052631579,0.573684211,2.944102288,1.186126456,9.579960813,7.982432806,1.652328913,5.797853403,4.831019261,0.030422737,0.030422737,9.052631579,10.4393424
9.526315789,0.573684211,2.941910416,1.185321036,9.567911153,7.967044827,1.651200522,5.794518004,4.825001398,0.030306667,0.030306667,9.526315789,10.43396264
10,0.573684211,2.93972472,1.184502612,9.555833593,7.951640593,1.65007512,5.791150643,4.818956723,0.030191451,0.030191451,10,10.42830748
3.368421053,0.621052632,3.012060632,1.189457478,9.761787648,8.17865773,1.694172519,5.761979691,4.827523548,0.031745442,0.031745442,3.368421053,11.84039727
2.894736842,0.621052632,3.013959223,1.189147263,9.767855218,8.188536639,1.695288796,5.761764745,4.830172097,0.031848302,0.031848302,2.894736842,11.85076428
2.421052632,0.621052632,3.015866743,1.188828958,9.77405049,8.198561477,1.696403053,5.761632222,4.832908938,0.031952333,0.031952333,2.421052632,11.86281533
1.947368421,0.621052632,3.017808461,1.188512463,9.780228895,8.208571841,1.697529091,5.76144995,4.8356001,0.03205785,0.03205785,1.947368421,11.87316954
1.473684211,0.621052632,3.019764757,1.188192817,9.786457652,8.218648609,1.698654947,5.761298178,4.838327303,0.03216476,0.03216476,1.473684211,11.88338426
1,0.621052632,3.021735869,1.187869998,9.792736862,8.228792485,1.699780301,5.761177994,4.841091806,0.032273104,0.032273104,1,11.8934519
3.842105263,0.621052632,3.009619541,1.18864465,9.748194148,8.161662393,1.692963257,5.758065986,4.820932975,0.031613187,0.031613187,3.842105263,11.82928956
4.315789474,0.621052632,3.007617524,1.188684218,9.740440722,8.150216289,1.69182779,5.757347633,4.817403011,0.031505757,0.031505757,4.315789474,11.81846131
4.789473684,0.621052632,3.005628265,1.188719995,9.732731647,8.13882733,1.690693524,5.756650456,4.813898684,0.031399567,0.031399567,4.789473684,11.80748496
5.263157895,0.621052632,3.003651567,1.18875202,9.725066672,8.127494893,1.689560664,5.755973657,4.810419103,0.031294585,0.031294585,5.263157895,11.79636665
5.736842105,0.621052632,3.001687209,1.188780348,9.71744542,8.11621811,1.688429386,5.75531645,4.80696331,0.031190778,0.031190778,5.736842105,11.78511203
6.210526316,0.621052632,2.999425357,1.187892972,9.703811739,8.0991688,1.687318975,5.751023892,4.800022355,0.031063704,0.031063704,6.210526316,11.77489632
6.684210526,0.621052632,2.99730535,1.187582983,9.694038037,8.085888266,1.686155028,5.74919736,4.79545957,0.030953436,0.030953436,6.684210526,11.76277063
7.157894737,0.621052632,2.995195897,1.187266265,9.684287987,8.072642624,1.684993542,5.74737395,4.790904193,0.030844242,0.030844242,7.157894737,11.75047849
7.631578947,0.621052632,2.993096851,1.18694288,9.674561363,8.059431631,1.683834512,5.745553552,4.786356125,0.030736097,0.030736097,7.631578947,11.73802427
8.105263158,0.621052632,2.991008042,1.186612905,9.66485809,8.046254845,1.68267806,5.743735727,4.781814796,0.030628976,0.030628976,8.105263158,11.7254131
8.578947368,0.621052632,2.988410426,1.185233628,9.648157903,8.026460621,1.681440466,5.738031227,4.773562182,0.030495541,0.030495541,8.578947368,11.71118869
9.052631579,0.621052632,2.986131985,1.184467495,9.635657227,8.010656191,1.68025643,5.734634937,4.767520033,0.030379466,0.030379466,9.052631579,11.6975992
9.526315789,0.621052632,2.98385949,1.183687895,9.623133273,7.994841058,1.67907456,5.731212599,4.761456846,0.030264247,0.030264247,9.526315789,11.68378611
10,0.621052632,2.981592827,1.182894909,9.610586321,7.979015253,1.677895113,5.727763461,4.755371888,0.030149863,0.030149863,10,11.66975324
7.157894737,0.336842105,2.804555179,1.231739999,8.827665969,7.347145575,1.541832975,5.725435965,4.765201999,0.032026598,0.032026598,7.157894737,-999999
6.684210526,0.336842105,2.806305194,1.23242776,8.831345723,7.354533569,1.542697492,5.724612746,4.767320625,0.032150917,0.032150917,6.684210526,-999999
5.263157895,0.336842105,2.811805774,1.235297638,8.845164817,7.37949348,1.545131117,5.724539955,4.775965869,0.032554487,0.032554487,5.263157895,-999999
6.210526316,0.336842105,2.8080652,1.233113612,8.834978536,7.361884188,1.543564814,5.723749631,4.769403992,0.032276613,0.032276613,6.210526316,-999999
5.736842105,0.336842105,2.809736492,1.233799958,8.838454674,7.36915817,1.544364038,5.723038387,4.771645796,0.03240379,0.03240379,5.736842105,-999999
7.631578947,0.336842105,2.802390578,1.22990173,8.819363927,7.335318362,1.54110677,5.72274686,4.759772981,0.031873156,0.031873156,7.631578947,-999999
4.789473684,0.336842105,2.813448414,1.235610524,8.8472026,7.385342929,1.546040825,5.722489637,4.776939139,0.032674636,0.032674636,4.789473684,-999999
8.105263158,0.336842105,2.800489867,1.228746984,8.813739102,7.326073404,1.540303219,5.722080556,4.756254037,0.031739387,0.031739387,8.105263158,-999999
8.578947368,0.336842105,2.798596068,1.227583463,8.808031557,7.31675582,1.539503371,5.721346068,4.752672816,0.031606817,0.031606817,8.578947368,-999999
4.315789474,0.336842105,2.815102412,1.2359247,8.849206443,7.391168549,1.54695205,5.720414181,4.777891176,0.032796311,0.032796311,4.315789474,-999999
3.842105263,0.336842105,2.816768004,1.236240237,8.851174487,7.39696921,1.547864634,5.718313018,4.778821769,0.032919559,0.032919559,3.842105263,-999999
9.052631579,0.336842105,2.796356797,1.225464441,8.798402514,7.303674772,1.538815532,5.717646029,4.7462965,0.031450632,0.031450632,9.052631579,-999999
2.894736842,0.336842105,2.82045188,1.237734651,8.85828714,7.411654404,1.549592445,5.716527058,4.782970147,0.033194844,0.033194844,2.894736842,-999999
3.368421053,0.336842105,2.81844542,1.236557221,8.853104699,7.402743554,1.548778403,5.716185531,4.779730618,0.033044431,0.033044431,3.368421053,-999999
9.526315789,0.336842105,2.794265436,1.223712869,8.79021271,7.291984906,1.538088264,5.715024888,4.740940475,0.031305605,0.031305605,9.526315789,-999999
2.421052632,0.336842105,2.822042714,1.237751533,8.858977144,7.416257239,1.550544495,5.713462058,4.783001882,0.033314759,0.033314759,2.421052632,-999999
1.947368421,0.431578947,2.875752785,1.206499213,9.395612761,7.918149584,1.644673383,5.712752974,4.814420702,0.032560245,0.032560245,1.947368421,3.554446417
10,0.336842105,2.792175389,1.221939362,8.781871084,7.280156263,1.537365575,5.712285502,4.735475012,0.03116147,0.03116147,10,-999999
1.947368421,0.336842105,2.823646093,1.237770756,8.859631101,7.420836627,1.551496724,5.71037693,4.783017914,0.03343638,0.03343638,1.947368421,-999999
1.473684211,0.336842105,2.825262192,1.237792516,8.860246265,7.425389779,1.552448814,5.70727111,4.783017458,0.03355976,0.03355976,1.473684211,-999999
1,0.336842105,2.826891166,1.237817037,8.860819644,7.429913442,1.553400411,5.704144008,4.782999535,0.033684949,0.033684949,1,-999999
3.368421053,0.668421053,3.060547507,1.188137383,9.814271573,8.200089804,1.725580551,5.687518655,4.752075932,0.031709133,0.031709133,3.368421053,13.00619516
1,0.668421053,3.070576052,1.186470911,9.846585056,8.251528736,1.731268368,5.687497811,4.766175416,0.032233681,0.032233681,1,13.08433023
2.894736842,0.668421053,3.062524853,1.187810908,9.820625402,8.210236717,1.726719171,5.687447945,4.754818765,0.031811373,0.031811373,2.894736842,13.02195691
1.473684211,0.668421053,3.068541476,1.186811123,9.840012546,8.241097791,1.730132435,5.68743314,4.763275704,0.032126021,0.032126021,1.473684211,13.06884817
2.421052632,0.668421053,3.064516114,1.187481084,9.827033108,8.220452736,1.727857529,5.687409373,4.757598701,0.031914907,0.031914907,2.421052632,13.03765607
1.947368421,0.668421053,3.06652157,1.187147839,9.833495332,8.230739377,1.728995379,5.687404057,4.760417221,0.032019776,0.032019776,1.947368421,13.05328818
3.842105263,0.668421053,3.058013612,1.187352414,9.800280936,8.182745445,1.724316075,5.683575697,4.745502037,0.031577815,0.031577815,3.842105263,12.98744016
4.315789474,0.668421053,3.055929151,1.187409341,9.792216827,8.171015334,1.723149616,5.682743238,4.741907064,0.03147102,0.03147102,4.315789474,12.97081099
4.789473684,0.668421053,3.053857523,1.18746217,9.784201707,8.15934745,1.721983962,5.681935442,4.738341139,0.031365451,0.031365451,4.789473684,12.95410097
5.263157895,0.668421053,3.051798536,1.187510947,9.776235192,8.147741052,1.72081932,5.681151461,4.734803334,0.031261074,0.031261074,5.263157895,12.93731467
5.736842105,0.668421053,3.049751976,1.187555731,9.768316749,8.136195175,1.719655863,5.680390454,4.731292668,0.031157859,0.031157859,5.736842105,12.9204562
6.210526316,0.668421053,3.04725536,1.18670283,9.754266093,8.118872277,1.718393179,5.676387808,4.724688374,0.031031856,0.031031856,6.210526316,12.90082588
6.684210526,0.668421053,3.045063995,1.1864106,9.744173457,8.105300652,1.717197003,5.674464514,4.720076169,0.0309222,0.0309222,6.684210526,12.88279205
7.157894737,0.668421053,3.042882712,1.186111342,9.734108372,8.091768725,1.716002428,5.6725493,4.715476268,0.030813605,0.030813605,7.157894737,12.86464733
7.631578947,0.668421053,3.040736351,1.185807843,9.724041743,8.078231107,1.714825016,5.670573761,4.710819489,0.030706117,0.030706117,7.631578947,12.84566369
8.105263158,0.668421053,3.038599418,1.185494628,9.714048991,8.064779349,1.713649907,5.668631003,4.706200092,0.030599563,0.030599563,8.105263158,12.82769145
8.578947368,0.668421053,3.036471896,1.185174639,9.704083038,8.051365682,1.712476678,5.666695007,4.701591436,0.030493996,0.030493996,8.578947368,12.80961566
9.052631579,0.668421053,3.033797861,1.183410773,9.684373109,8.028651754,1.71126637,5.659185082,4.691643509,0.030351907,0.030351907,9.052631579,12.78921396
9.526315789,0.668421053,3.031460114,1.182649203,9.671514939,8.012537002,1.710045448,5.655706373,4.685569621,0.03023727,0.03023727,9.526315789,12.76927816
10,0.668421053,3.02912764,1.18187396,9.658637447,7.996416,1.70882624,5.652205719,4.679478705,0.030123455,0.030123455,10,12.74917094
1.473684211,0.431578947,2.877527876,1.206334769,9.399284536,7.925679747,1.669126149,5.631260729,4.748400683,0.032673941,0.032673941,1.473684211,3.530790863
2.421052632,0.384210526,2.850110422,1.218500382,9.185450655,7.721289788,1.638945818,5.604487075,4.711131815,0.032777697,0.032777697,2.421052632,0
1,0.715789474,3.125719767,1.185543662,9.896262367,8.266608279,1.766115509,5.603406073,4.680672491,0.032207558,0.032207558,1,14.18013634
1.473684211,0.715789474,3.123619576,1.185896521,9.889478186,8.255968591,1.764973447,5.603188083,4.677672972,0.032100381,0.032100381,1.473684211,14.16044385
1.947368421,0.715789474,3.121533699,1.186245632,9.882752749,8.245405679,1.763829462,5.603009226,4.674718195,0.031994608,0.031994608,1.947368421,14.14072794
2.421052632,0.715789474,3.119461938,1.186591022,9.876085618,8.23491872,1.762683911,5.602868191,4.671806821,0.031890197,0.031890197,2.421052632,14.12099296
2.894736842,0.715789474,3.11757037,1.186932617,9.869582534,8.224508583,1.761641285,5.602492755,4.668662488,0.031787105,0.031787105,2.894736842,14.10354192
3.368421053,0.715789474,3.115502491,1.187270773,9.863015223,8.214169115,1.760478813,5.602461758,4.66587218,0.031685301,0.031685301,3.368421053,14.08345502
3.842105263,0.715789474,3.112888899,1.186507219,9.848707956,8.196544345,1.759172616,5.598488667,4.659317834,0.031554681,0.031554681,3.842105263,14.05837803
4.315789474,0.715789474,3.110732801,1.18657645,9.840426941,8.184612731,1.757987639,5.597551838,4.655671376,0.031448329,0.031448329,4.315789474,14.03748268
4.789473684,0.715789474,3.108589346,1.186641347,9.832198095,8.17274722,1.756802845,5.596642857,4.65205714,0.03134319,0.03134319,4.789473684,14.01655746
5.263157895,0.715789474,3.106458354,1.186701962,9.824020947,8.160946981,1.755618464,5.595760781,4.648474112,0.031239233,0.031239233,5.263157895,13.99560577
5.736842105,0.715789474,3.104339629,1.186758367,9.815894944,8.149210905,1.754434697,5.594904705,4.644921192,0.031136427,0.031136427,5.736842105,13.97463058
6.210526316,0.715789474,3.1017735,1.185928773,9.80161877,8.131695689,1.753132795,5.590916327,4.638379768,0.031011144,0.031011144,6.210526316,13.94985299
6.684210526,0.715789474,3.099509043,1.185649001,9.791296042,8.117919447,1.751908025,5.588932696,4.633758925,0.030901911,0.030901911,6.684210526,13.92739707
7.157894737,0.715789474,3.097254343,1.185361973,9.781003813,8.104186596,1.750684178,5.586960764,4.62915396,0.030793728,0.030793728,7.157894737,13.90487713
7.631578947,0.715789474,3.095009274,1.185067759,9.770741865,8.090496748,1.749461422,5.5849999,4.62456425,0.03068657,0.03068657,7.631578947,13.88229635
8.105263158,0.715789474,3.092773696,1.184766448,9.760509945,8.076849269,1.748239911,5.58304949,4.619989063,0.030580412,0.030580412,8.105263158,13.85965759
1,0.431578947,2.879317731,1.206170086,9.402964749,7.933228367,1.684998926,5.580398065,4.708150399,0.032789207,0.032789207,1,3.506636586
8.578947368,0.715789474,3.090022476,1.183459893,9.743316165,8.056661163,1.746883561,5.577541848,4.612019566,0.030449089,0.030449089,8.578947368,13.83234978
9.052631579,0.715789474,3.087585406,1.182725003,9.730213068,8.040337628,1.74560845,5.574109743,4.606037298,0.030334024,0.030334024,9.052631579,13.80760827
9.526315789,0.715789474,3.085152891,1.181976113,9.717092908,8.024011526,1.744333719,5.570661623,4.600043809,0.03021979,0.03021979,9.526315789,13.78273143
10,0.715789474,3.082724825,1.18121332,9.703955705,8.00768272,1.74305949,5.56719708,4.594038679,0.030106369,0.030106369,10,13.75772168
6.684210526,0.289473684,2.762609624,1.26218146,8.322053509,6.88085813,1.49912728,5.551265472,4.589909223,0.032948383,0.032948383,6.684210526,-999999
8.105263158,0.289473684,2.757617564,1.257202699,8.314208457,6.861266789,1.497934934,5.550446998,4.580483861,0.032491789,0.032491789,8.105263158,-999999
7.631578947,0.289473684,2.759236122,1.258584776,8.316208185,6.867152704,1.498423806,5.549970678,4.582917515,0.03263495,0.03263495,7.631578947,-999999
7.157894737,0.289473684,2.760766892,1.259964264,8.317966819,6.872877777,1.498844776,5.549585221,4.585449998,0.032779617,0.032779617,7.157894737,-999999
6.210526316,0.289473684,2.764106445,1.263074956,8.322364884,6.885113977,1.499723189,5.549267321,4.590923196,0.033083318,0.033083318,6.210526316,-999999
8.578947368,0.289473684,2.755658403,1.254534957,8.308404794,6.851635675,1.497743369,5.547281973,4.574639297,0.032316278,0.032316278,8.578947368,-999999
5.736842105,0.289473684,2.765610006,1.263969719,8.322581501,6.889287048,1.500318509,5.547209777,4.591882995,0.033219866,0.033219866,5.736842105,-999999
9.052631579,0.289473684,2.753888657,1.252547865,8.304431249,6.843823707,1.497392611,5.545927759,4.570493841,0.032160427,0.032160427,9.052631579,-999999
5.263157895,0.289473684,2.767120402,1.264865885,8.322700304,6.893374703,1.500913119,5.545091316,4.592787293,0.033358075,0.033358075,5.263157895,-999999
4.789473684,0.289473684,2.768851532,1.266577827,8.324895177,6.899532082,1.501310419,5.545085861,4.595673217,0.033520266,0.033520266,4.789473684,-999999
9.526315789,0.289473684,2.751874678,1.249656491,8.297640846,6.833249,1.497242724,5.541947685,4.563888601,0.031982552,0.031982552,9.526315789,-999999
4.315789474,0.289473684,2.770275068,1.267086908,8.323778859,6.902418639,1.501998274,5.541803212,4.595490393,0.033651327,0.033651327,4.315789474,-999999
3.842105263,0.289473684,2.771706816,1.267600591,8.322576672,6.905231981,1.502684333,5.538473043,4.595264507,0.033784172,0.033784172,3.842105263,-999999
10,0.289473684,2.749910342,1.246923609,8.291186771,6.823019095,1.497054091,5.538334802,4.557630307,0.031810566,0.031810566,10,-999999
3.368421053,0.289473684,2.773146867,1.268119094,8.321284866,6.907968734,1.503368368,5.535093754,4.594994068,0.033918857,0.033918857,3.368421053,-999999
2.894736842,0.289473684,2.774595349,1.268642614,8.31989933,6.910625912,1.50404991,5.531664391,4.594678584,0.034055443,0.034055443,2.894736842,-999999
2.421052632,0.289473684,2.776235522,1.269879238,8.320230592,6.915001006,1.504556153,5.530023306,4.596040494,0.034213842,0.034213842,2.421052632,-999999
1.947368421,0.289473684,2.777618627,1.270087397,8.317824595,6.916673051,1.505313005,5.525644544,4.594840426,0.034345335,0.034345335,1.947368421,-999999
1.473684211,0.289473684,2.778920437,1.270304327,8.315214506,6.918223403,1.505999125,5.521393981,4.593776508,0.034478915,0.034478915,1.473684211,-999999
1,0.289473684,2.780303349,1.270525112,8.312595965,6.919728304,1.506735107,5.516959104,4.592531409,0.034614502,0.034614502,1,-999999
1,0.763157895,3.188743495,1.184921819,9.945273599,8.276726049,1.805176222,5.509308997,4.584996162,0.03219004,0.03219004,1,15.25801004
1.473684211,0.763157895,3.1865629,1.185283698,9.938334165,8.265937494,1.804025429,5.508976762,4.581940677,0.032083203,0.032083203,1.473684211,15.23497092
1.947368421,0.763157895,3.184396431,1.185641632,9.931455881,8.255228971,1.802871973,5.508686156,4.578932444,0.03197776,0.03197776,1.947368421,15.21195156
2.421052632,0.763157895,3.182243912,1.185995661,9.924638237,8.244599514,1.801716209,5.508435894,4.575970107,0.031873669,0.031873669,2.421052632,15.18895521
2.894736842,0.763157895,3.180105135,1.186345847,9.917880634,8.23404774,1.800558491,5.508224632,4.573052072,0.031770893,0.031770893,2.894736842,15.16598441
3.368421053,0.763157895,3.177979856,1.186692272,9.911182263,8.223571969,1.799399133,5.508051039,4.570176688,0.031669392,0.031669392,3.368421053,15.14304112
3.842105263,0.763157895,3.175275051,1.185940366,9.89669057,8.20580314,1.798049633,5.504125352,4.563724488,0.031539168,0.031539168,3.842105263,15.11445227
4.315789474,0.763157895,3.173035597,1.186018402,9.888247238,8.193727208,1.796844445,5.503118129,4.560064859,0.031433127,0.031433127,4.315789474,15.09017958
4.789473684,0.763157895,3.171010612,1.186091767,9.87998561,8.181722949,1.795763476,5.501830136,4.556125045,0.031328286,0.031328286,4.789473684,15.06867613
5.263157895,0.763157895,3.168774048,1.186160848,9.871636991,8.169784013,1.794544159,5.500916174,4.552567832,0.031224625,0.031224625,5.263157895,15.04413109
5.736842105,0.763157895,3.166549796,1.186225546,9.863341745,8.157912088,1.793324928,5.50003047,4.549042933,0.031122107,0.031122107,5.736842105,15.01960357
6.210526316,0.763157895,3.163862401,1.185412114,9.848864952,8.140258612,1.791956485,5.49615185,4.542665337,0.03099732,0.03099732,6.210526316,14.99035308
6.684210526,0.763157895,3.161485594,1.185141187,9.838350875,8.12633692,1.790683586,5.494187222,4.538119959,0.030888383,0.030888383,6.684210526,14.96406675
7.157894737,0.763157895,3.159118451,1.184862827,9.827869495,8.11246148,1.789410993,5.492237128,4.533593183,0.030780489,0.030780489,7.157894737,14.93775657
7.631578947,0.763157895,3.15676085,1.184577108,9.817420466,8.098631838,1.788138823,5.490301056,4.529084507,0.030673612,0.030673612,7.631578947,14.91142485
8.105263158,0.763157895,3.154412666,1.184284126,9.807003597,8.084847282,1.786867331,5.488378138,4.524592923,0.030567728,0.030567728,8.105263158,14.8850737
8.578947368,0.763157895,3.151600626,1.182998354,9.789639724,8.064526016,1.785468606,5.482952593,4.516755987,0.030437003,0.030437003,8.578947368,14.85362241
9.052631579,0.763157895,3.149082491,1.182272351,9.776349887,8.048054277,1.784152728,5.479547648,4.510855012,0.03032222,0.03032222,9.052631579,14.82539355
9.526315789,0.763157895,3.146568248,1.181532175,9.763044645,8.031582701,1.782836206,5.476131018,4.504947048,0.030208262,0.030208262,9.526315789,14.79706113
10,0.763157895,3.144057773,1.180777924,9.74972397,8.015111089,1.781519162,5.472702274,4.499031646,0.030095109,0.030095109,10,14.76862668
1,0.810526316,3.260959914,1.184490575,9.996046821,8.283744998,1.849046505,5.406054849,4.480009009,0.032177893,0.032177893,1,16.37249221
1.473684211,0.810526316,3.25866566,1.184858971,9.988980032,8.272848834,1.847874315,5.40565987,4.476954284,0.032071299,0.032071299,1.473684211,16.34647061
1.947368421,0.810526316,3.256385698,1.185223279,9.981976101,8.262035149,1.846698739,5.405308342,4.473948551,0.031966091,0.031966091,1.947368421,16.320506
2.421052632,0.810526316,3.254119831,1.185583539,9.975034508,8.251302899,1.845520192,5.404998844,4.470990311,0.031862229,0.031862229,2.421052632,16.29460014
2.894736842,0.810526316,3.251867844,1.185939817,9.968154586,8.240650658,1.844339056,5.404729978,4.468077944,0.031759676,0.031759676,2.894736842,16.26875445
3.368421053,0.810526316,3.24962947,1.1862922,9.961335469,8.230076667,1.843155654,5.4045004,4.465209788,0.031658391,0.031658391,3.368421053,16.24296939
3.842105263,0.810526316,3.246786641,1.185549931,9.946653542,8.212182327,1.84173896,5.40068585,4.458928493,0.031528483,0.031528483,3.842105263,16.21060446
4.315789474,0.810526316,3.244464089,1.185634939,9.938083743,8.199992122,1.8405198,5.399607081,4.455258848,0.031422681,0.031422681,4.315789474,16.18352218
4.789473684,0.810526316,3.242148951,1.185714514,9.929579717,8.187886052,1.839296666,5.398574304,4.451639697,0.031318057,0.031318057,4.789473684,16.15672051
5.263157895,0.810526316,3.239845662,1.185789502,9.92113083,8.175850295,1.838072405,5.39757346,4.448056711,0.031214601,0.031214601,5.263157895,16.12995736
5.736842105,0.810526316,3.237554058,1.18585998,9.912736412,8.163883635,1.836847277,5.396603484,4.444508664,0.031112282,0.031112282,5.736842105,16.10323405
6.210526316,0.810526316,3.234797817,1.185057671,9.89813764,8.146134742,1.835449396,5.392759757,4.438223554,0.030987837,0.030987837,6.210526316,16.07134155
6.684210526,0.810526316,3.232351128,1.18479287,9.887507686,8.132112236,1.834159896,5.390755577,4.433698641,0.030879105,0.030879105,6.684210526,16.042724
7.157894737,0.810526316,3.229913219,1.184520505,9.876911378,8.118138094,1.832869577,5.388769338,4.429195724,0.030771409,0.030771409,7.157894737,16.01410269
7.631578947,0.810526316,3.227714431,1.184240476,9.866491175,8.104214811,1.831718435,5.386467149,4.424378036,0.030664721,0.030664721,7.631578947,15.98858711
8.105263158,0.810526316,3.225276038,1.183953254,9.855950197,8.090335391,1.830416245,5.384540389,4.419942958,0.030559027,0.030559027,8.105263158,15.9597264
8.578947368,0.810526316,3.222305368,1.182680174,9.83842633,8.069949501,1.828918834,5.379367388,4.412415331,0.030428672,0.030428672,8.578947368,15.92478215
9.052631579,0.810526316,3.21965378,1.181960434,9.824964588,8.053373225,1.827534014,5.376077553,4.406688557,0.030314087,0.030314087,9.052631579,15.89329902
9.526315789,0.810526316,3.217005511,1.181226387,9.811488455,8.036799214,1.826147492,5.372779853,4.400958438,0.030200321,0.030200321,9.526315789,15.86173685
10,0.810526316,3.214360462,1.180478135,9.797997884,8.02022722,1.824759427,5.369473772,4.395224434,0.030087356,0.030087356,10,15.83009687
1,0.857894737,3.344328122,1.184179876,10.05058622,8.288803116,1.898611373,5.293651119,4.365718669,0.032169141,0.032169141,1,17.56879644
1.473684211,0.857894737,3.341936485,1.184552899,10.04344144,8.277830538,1.89743644,5.293163572,4.362639171,0.03206272,0.03206272,1.473684211,17.54068918
1.947368421,0.857894737,3.339558771,1.184921725,10.03636026,8.266942241,1.896257056,5.29272138,4.359610535,0.03195768,0.03195768,1.947368421,17.51265955
2.421052632,0.857894737,3.337194855,1.185286397,10.02934215,8.256137142,1.895073699,5.292323012,4.356631167,0.031853981,0.031853981,2.421052632,17.48470935
2.894736842,0.857894737,3.334844567,1.185646987,10.02238641,8.245413756,1.893886786,5.291967019,4.353699395,0.031751586,0.031751586,2.894736842,17.45683972
3.368421053,0.857894737,3.332507694,1.18600358,10.01549216,8.234770289,1.892696679,5.291651998,4.350813513,0.031650455,0.031650455,3.368421053,17.42905103
3.842105263,0.857894737,3.329570099,1.185268064,10.00068904,8.216788657,1.891244334,5.287888437,4.344646808,0.031520769,0.031520769,3.842105263,17.39439233
4.315789474,0.857894737,3.327113396,1.185356743,9.992023146,8.204538181,1.889988429,5.2868171,4.341052069,0.031415103,0.031415103,4.315789474,17.36508374
4.789473684,0.857894737,3.324668688,1.185440673,9.983413841,8.192360668,1.888730355,5.285780373,4.337496162,0.031310631,0.031310631,4.789473684,17.33583558
5.263157895,0.857894737,3.322235848,1.185519919,9.974860561,8.180255095,1.887470439,5.284777105,4.333977861,0.031207323,0.031207323,5.263157895,17.30664907
5.736842105,0.857894737,3.319814721,1.185594558,9.966362592,8.168220201,1.886208944,5.283806243,4.330495955,0.031105149,0.031105149,5.736842105,17.27752494
6.210526316,0.857894737,3.316908753,1.184800248,9.951624354,8.150403291,1.884737545,5.280111482,4.324423478,0.03098095,0.03098095,6.210526316,17.24271612
6.684210526,0.857894737,3.314324358,1.184539841,9.940871454,8.136308469,1.88339631,5.27816233,4.320019333,0.030872365,0.030872365,6.684210526,17.21153787
7.157894737,0.857894737,3.311748529,1.18427177,9.93015287,8.122263613,1.882053348,5.27623347,4.315639416,0.030764813,0.030764813,7.157894737,17.18037646
7.631578947,0.857894737,3.309181184,1.183996121,9.919468314,8.108268166,1.880708914,5.274324082,4.311282893,0.030658268,0.030658268,7.631578947,17.14923326
8.105263158,0.857894737,3.306622224,1.183712992,9.908817453,8.09432133,1.879363233,5.272433387,4.306948859,0.030552709,0.030552709,8.105263158,17.11810932
8.578947368,0.857894737,3.30355831,1.182449989,9.89117926,8.073873856,1.877810439,5.267400296,4.299621352,0.030422644,0.030422644,8.578947368,17.08086095
9.052631579,0.857894737,3.300828401,1.181734546,9.877615793,8.057225943,1.876394446,5.264146786,4.293993706,0.030308197,0.030308197,9.052631579,17.04762648
9.526315789,0.857894737,3.298100459,1.181004697,9.86403781,8.040581822,1.874975136,5.260889928,4.288367171,0.030194565,0.030194565,9.526315789,17.01432006
10,0.857894737,3.295374362,1.18026055,9.850445232,8.0239412,1.873552663,5.257629222,4.28274121,0.030081729,0.030081729,10,16.98094207
7.631578947,0.242105263,2.684735004,1.3080897,7.433904304,6.051272169,1.418879471,5.239278218,4.264824669,0.033954768,0.033954768,7.631578947,-999999
8.105263158,0.242105263,2.683422181,1.304812519,7.436650147,6.049351505,1.419649594,5.238370212,4.261158196,0.033755226,0.033755226,8.105263158,-999999
7.157894737,0.242105263,2.685932819,1.310513914,7.429857834,6.051785435,1.418452948,5.238000913,4.266468934,0.034133557,0.034133557,7.157894737,-999999
6.684210526,0.242105263,2.687186809,1.313407965,7.426087647,6.052672831,1.417817763,5.237688397,4.269006206,0.034327011,0.034327011,6.684210526,-999999
8.578947368,0.242105263,2.682121642,1.301641923,7.439274675,6.047349713,1.420364022,5.237583156,4.25760553,0.033560603,0.033560603,8.578947368,-999999
6.210526316,0.242105263,2.688306728,1.315216616,7.420905105,6.051990053,1.417637323,5.234699302,4.269067944,0.034493199,0.034493199,6.210526316,-999999
9.052631579,0.242105263,2.680697729,1.297627471,7.440458362,6.043818013,1.421403473,5.234585747,4.252007348,0.033345764,0.033345764,9.052631579,-999999
5.736842105,0.242105263,2.689425174,1.317027314,7.415495042,6.051099296,1.417448834,5.23157864,4.269007213,0.034661374,0.034661374,5.736842105,-999999
9.526315789,0.242105263,2.679261008,1.293551795,7.441258671,6.039926126,1.422449551,5.231298828,4.24614435,0.033131496,0.033131496,9.526315789,-999999
5.263157895,0.242105263,2.690596211,1.319291087,7.410310042,6.050530618,1.417057154,5.229365676,4.269785874,0.034843939,0.034843939,5.263157895,-999999
10,0.242105263,2.67765062,1.28835581,7.440048732,6.033921657,1.423909867,5.225084047,4.237572754,0.032890121,0.032890121,10,-999999
4.789473684,0.242105263,2.691657411,1.320600964,7.403993326,6.04868115,1.417075166,5.224841635,4.268426472,0.035002415,0.035002415,4.789473684,-999999
4.315789474,0.242105263,2.692719057,1.321919852,7.397468212,6.046642703,1.417083311,5.220206993,4.266963455,0.035163097,0.035163097,4.315789474,-999999
3.842105263,0.242105263,2.693852035,1.323900695,7.391277005,6.045078325,1.416791699,5.216911568,4.266737536,0.035344201,0.035344201,3.842105263,-999999
3.368421053,0.242105263,2.694782337,1.324810577,7.383874109,6.042191436,1.416901867,5.211281234,4.264368322,0.035497649,0.035497649,3.368421053,-999999
2.894736842,0.242105263,2.695787629,1.325730085,7.376367255,6.039163263,1.417059567,5.205403799,4.261756812,0.035653391,0.035653391,2.894736842,-999999
2.421052632,0.242105263,2.696793794,1.326662513,7.368648415,6.035944631,1.417205094,5.199422754,4.259048076,0.035811583,0.035811583,2.421052632,-999999
1.947368421,0.242105263,2.697865066,1.328240771,7.361148521,6.033088398,1.417052665,5.194689446,4.257490599,0.03599026,0.03599026,1.947368421,-999999
1.473684211,0.242105263,2.698837822,1.328832065,7.352755601,6.029166522,1.417340149,5.187714188,4.253859968,0.036143175,0.036143175,1.473684211,-999999
1,0.242105263,2.699811681,1.329437643,7.344144645,6.025047404,1.417614244,5.180636889,4.250131819,0.036298667,0.036298667,1,-999999
1,0.905263158,3.441088974,1.183940974,10.11058176,8.292693083,1.954781222,5.172231881,4.242261482,0.032162412,0.032162412,1,18.88553937
1.473684211,0.905263158,3.438590678,1.18431736,10.103384,8.281664865,1.953608109,5.171653391,4.239163845,0.032056119,0.032056119,1.473684211,18.85574408
1.947368421,0.905263158,3.436105697,1.18468947,10.09624992,8.270722275,1.95242926,5.171122012,4.23611879,0.031951202,0.031951202,1.947368421,18.82603697
2.421052632,0.905263158,3.433633938,1.185057347,10.08917886,8.259864219,1.951245094,5.170636378,4.233124914,0.031847624,0.031847624,2.421052632,18.79641955
2.894736842,0.905263158,3.431438778,1.185420851,10.0823254,8.249092631,1.950207911,5.169872067,4.229852923,0.031745339,0.031745339,2.894736842,18.77028397
3.368421053,0.905263158,3.428964349,1.18578052,10.07536163,8.238398356,1.948998289,5.169507683,4.226991068,0.031644322,0.031644322,3.368421053,18.74048097
3.842105263,0.905263158,3.42586187,1.185049963,10.06042598,8.220353475,1.947475412,5.165880869,4.221030686,0.031514801,0.031514801,3.842105263,18.70328241
4.315789474,0.905263158,3.423260958,1.185141842,10.05167505,8.208050465,1.946186212,5.164806425,4.217505198,0.031409249,0.031409249,4.315789474,18.67186453
4.789473684,0.905263158,3.420753204,1.18522911,10.04302456,8.195818191,1.944940871,5.163665753,4.213916379,0.031304895,0.031304895,4.789473684,18.64146204
5.263157895,0.905263158,3.418217019,1.185311356,10.03441151,8.183663372,1.943669667,5.162611566,4.210418833,0.031201694,0.031201694,5.263157895,18.61073353
5.736842105,0.905263158,3.415692132,1.185388927,10.02585376,8.17158038,1.942395758,5.161591668,4.206959548,0.031099623,0.031099623,5.736842105,18.58007765
6.210526316,0.905263158,3.41317839,1.185461916,10.01735069,8.159567688,1.941119599,5.160604578,4.203536811,0.030998652,0.030998652,6.210526316,18.54949446
6.684210526,0.905263158,3.410004248,1.184343067,10.00020988,8.139572254,1.939524518,5.156011067,4.196684382,0.030867124,0.030867124,6.684210526,18.51104251
7.157894737,0.905263158,3.407326002,1.184078002,9.989418514,8.12547795,1.938157477,5.154079911,4.19237242,0.030759674,0.030759674,7.157894737,18.47837399
7.631578947,0.905263158,3.404655629,1.183805288,9.978661164,8.111434182,1.936787837,5.152170503,4.188086081,0.030653229,0.030653229,7.631578947,18.44573228
8.105263158,0.905263158,3.401993044,1.183525027,9.967937492,8.097440123,1.935415856,5.150282024,4.183824421,0.030547766,0.030547766,8.105263158,18.41311811
8.578947368,0.905263158,3.398775828,1.182268841,9.950183901,8.076962701,1.933775823,5.145469182,4.176783372,0.030417901,0.030417901,8.578947368,18.37378623
9.052631579,0.905263158,3.395886116,1.181556516,9.936494976,8.06026284,1.932285557,5.142353282,4.171362152,0.030303555,0.030303555,9.052631579,18.33829603
9.526315789,0.905263158,3.392997493,1.180829714,9.922791237,8.043567918,1.930790536,5.139237558,4.165945383,0.030190021,0.030190021,9.526315789,18.30274057
10,0.905263158,3.39010987,1.180088543,9.909072597,8.026877613,1.929290945,5.136121444,4.160532465,0.03007728,0.03007728,10,18.26712022
1,0.952631579,3.555352976,1.183742539,10.17833124,8.295924581,2.019352588,5.04039329,4.108210041,0.032156823,0.032156823,1,20.37464949
1.473684211,0.952631579,3.552741764,1.184121372,10.17110399,8.284855813,2.01818987,5.039716107,4.105092358,0.032050626,0.032050626,1.473684211,20.34354237
1.947368421,0.952631579,3.55014321,1.184495863,10.1639399,8.273873743,2.017019935,5.039087479,4.102028741,0.031945802,0.031945802,1.947368421,20.31252734
2.421052632,0.952631579,3.547557283,1.184866065,10.15683849,8.262977144,2.015843375,5.038505779,4.099017437,0.031842315,0.031842315,2.421052632,20.28160609
2.894736842,0.952631579,3.544983891,1.185232052,10.14979912,8.25216448,2.014660719,5.037969431,4.096056672,0.031740124,0.031740124,2.894736842,20.25077947
3.368421053,0.952631579,3.542422883,1.185593915,10.14282091,8.241433882,2.013472436,5.037476915,4.093144627,0.031639192,0.031639192,3.368421053,20.22004756
3.842105263,0.952631579,3.539243659,1.184866946,10.1278293,8.223345233,2.011936463,5.033871341,4.087278791,0.031509793,0.031509793,3.842105263,20.18201541
4.315789474,0.952631579,3.536556486,1.184961097,10.11905195,8.211004888,2.010657606,5.032707668,4.083740993,0.031404326,0.031404326,4.315789474,20.14968856
4.789473684,0.952631579,3.534204464,1.18505011,10.11051719,8.198743905,2.009556275,5.031218739,4.079877736,0.031300041,0.031300041,4.789473684,20.12151721
5.263157895,0.952631579,3.531513919,1.185134594,10.10183763,8.186552346,2.008254761,5.030157443,4.076451108,0.031196922,0.031196922,5.263157895,20.08902679
5.736842105,0.952631579,3.528834488,1.185214349,10.09321334,8.174433482,2.006949636,5.029131355,4.073063586,0.031094931,0.031094931,5.736842105,20.05661658
6.210526316,0.952631579,3.52616602,1.185289471,10.0846435,8.16238576,2.00564121,5.028139354,4.069713825,0.030994038,0.030994038,6.210526316,20.02428634
6.684210526,0.952631579,3.522808954,1.18417531,10.06737651,8.142355106,2.003953969,5.023756367,4.063144779,0.030862655,0.030862655,6.684210526,19.98371198
7.157894737,0.952631579,3.519967324,1.183912484,10.05649808,8.128223975,2.002536143,5.021880939,4.05896493,0.030755284,0.030755284,7.157894737,19.94920251
7.631578947,0.952631579,3.517133097,1.183641957,10.04565331,8.114144229,2.001114522,5.020029189,4.054812526,0.030648916,0.030648916,7.631578947,19.91472477
8.105263158,0.952631579,3.514306202,1.183363834,10.03484185,8.100115015,1.999689382,5.018200296,4.050686616,0.030543527,0.030543527,8.105263158,19.8802793
1.947368421,0.384210526,2.851841991,1.218409422,9.187927682,7.727617738,1.831829712,5.015710588,4.218524073,0.032893545,0.032893545,1.947368421,-999999
8.578947368,0.952631579,3.51096027,1.182113476,10.01699558,8.079612218,1.997980534,5.01356015,4.043889358,0.030413833,0.030413833,8.578947368,19.83951372
9.052631579,0.952631579,3.50797274,1.181403346,10.00323852,8.062875992,1.996457955,5.010492954,4.03859043,0.030299561,0.030299561,9.052631579,19.80306505
9.526315789,0.952631579,3.504985107,1.180678686,9.989465756,8.046145525,1.994928938,5.00742937,4.033299317,0.030186099,0.030186099,9.526315789,19.76655015
10,0.952631579,3.501997273,1.179939607,9.975677205,8.029420467,1.993393683,5.004368826,4.028015407,0.030073429,0.030073429,10,19.72996898
1,1,3.691674835,1.183562052,10.25592651,8.298864142,2.094056882,4.897635108,3.963055737,0.03215174,0.03215174,1,22.0840113
1.473684211,1,3.688902273,1.18394276,10.24866743,8.287764158,2.092893085,4.896890098,3.959955822,0.03204562,0.03204562,1.473684211,22.0513912
1.947368421,1,3.686141802,1.184319084,10.24147069,8.276751607,2.091720495,4.896194644,3.95691089,0.031940872,0.031940872,1.947368421,22.01886342
2.421052632,1,3.683393662,1.184691074,10.23433597,8.265825289,2.090539895,4.895546837,3.953918941,0.031837458,0.031837458,2.421052632,21.98643251
2.894736842,1,3.680657763,1.185058805,10.22726265,8.254983625,2.089351859,4.894945103,3.950978189,0.031735338,0.031735338,2.894736842,21.95409894
3.368421053,1,3.677933929,1.185422371,10.22024987,8.244224721,2.088156882,4.894387946,3.948086847,0.031634475,0.031634475,3.368421053,21.92186208
3.842105263,1,3.674567312,1.18469828,10.20515875,8.226102706,2.086554048,4.890915124,3.94243452,0.031505178,0.031505178,3.842105263,21.8820882
4.315789474,1,3.671817776,1.184794222,10.19638702,8.213732903,2.085309832,4.889626888,3.938854926,0.031399781,0.031399781,4.315789474,21.84946951
4.789473684,1,3.669026978,1.184885169,10.18764416,8.201440123,2.084031716,4.888430477,3.935372028,0.031295569,0.031295569,4.789473684,21.81634152
5.263157895,1,3.666246113,1.184971267,10.17895618,8.189222004,2.082747946,4.887272221,3.931931379,0.031192514,0.031192514,5.263157895,21.78328471
5.736842105,1,3.663475113,1.1850526,10.17032244,8.177077202,2.08145893,4.886150908,3.928531611,0.031090585,0.031090585,5.736842105,21.75029957
6.210526316,1,3.660713869,1.185129263,10.16174215,8.165004145,2.080165029,4.885065373,3.925171336,0.030989752,0.030989752,6.210526316,21.71738598
6.684210526,1,3.657287737,1.184018821,10.14443091,8.144951318,2.078454766,4.880756167,3.918753226,0.030858487,0.030858487,6.684210526,21.6766167
7.157894737,1,3.654357291,1.183757606,10.13352751,8.130793759,2.07703801,4.878835854,3.914609998,0.030751176,0.030751176,7.157894737,21.64161444
7.631578947,1,3.651811034,1.183488359,10.12286781,8.116693079,2.075822103,4.876558448,3.910110153,0.03064486,0.03064486,7.631578947,21.61127676
8.105263158,1,3.648874051,1.183211788,10.11201885,8.102638374,2.074384592,4.874707849,3.906044426,0.030539529,0.030539529,8.105263158,21.57609619
8.578947368,1,3.645380092,1.181966126,10.09408832,8.08212532,2.072600517,4.870252728,3.899509459,0.030409975,0.030409975,8.578947368,21.53426823
9.052631579,1,3.642210962,1.181257715,10.08023121,8.065360785,2.071005798,4.867311922,3.89441729,0.030295764,0.030295764,9.052631579,21.4962283
9.526315789,1,3.639040374,1.180534736,10.06635701,8.048602614,2.069402655,4.864378128,3.889336178,0.030182362,0.030182362,9.526315789,21.4581152
10,1,3.635868235,1.179797299,10.05246569,8.031850441,2.067791354,4.861450681,3.884265414,0.030069749,0.030069749,10,21.41992861
7.631578947,0.194736842,2.545466069,1.39712049,5.734398346,4.495117677,1.252430561,4.578615793,3.58911529,0.036344824,0.036344824,7.631578947,-999999
7.157894737,0.194736842,2.545263896,1.404516394,5.709507514,4.478390626,1.247173378,4.577958136,3.590832441,0.036669989,0.036669989,7.157894737,-999999
8.105263158,0.194736842,2.545676011,1.388778616,5.759339412,4.511573197,1.258270088,4.577188528,3.585536396,0.035997814,0.035997814,8.105263158,-999999
6.684210526,0.194736842,2.545071907,1.411140047,5.684667101,4.461442911,1.242401372,4.57554799,3.590983568,0.036977726,0.036977726,6.684210526,-999999
8.578947368,0.194736842,2.545883327,1.379339123,5.784208227,4.527608426,1.264759967,4.573364416,3.579816364,0.035625223,0.035625223,8.578947368,-999999
6.210526316,0.194736842,2.544952848,1.41635933,5.660984272,4.445034537,1.238620233,4.570395445,3.588698472,0.037250461,0.037250461,6.210526316,-999999
9.052631579,0.194736842,2.54606858,1.368695984,5.80873968,4.542966931,1.271922566,4.566897261,3.571732316,0.035224614,0.035224614,9.052631579,-999999
5.736842105,0.194736842,2.544815585,1.421520349,5.63674883,4.428106041,1.234835926,4.564775539,3.585987375,0.037524758,0.037524758,5.736842105,-999999
5.263157895,0.194736842,2.544678803,1.426340455,5.612331289,4.410884162,1.231263345,4.558189207,3.582405162,0.037792849,0.037792849,5.263157895,-999999
9.526315789,0.194736842,2.546203834,1.356810228,5.832529565,4.557294396,1.279722603,4.557651441,3.561158008,0.03479537,0.03479537,9.526315789,-999999
4.789473684,0.194736842,2.544634254,1.429943918,5.589329618,4.394486021,1.228603036,4.549337301,3.576815207,0.03803026,0.03803026,4.789473684,-999999
10,0.194736842,2.54625523,1.343722907,5.855069035,4.570172361,1.288064146,4.545634666,3.548093761,0.034338992,0.034338992,10,-999999
4.315789474,0.194736842,2.544536796,1.433893757,5.565169714,4.377160878,1.225636953,4.540634729,3.571335596,0.03828032,0.03828032,4.315789474,-999999
3.842105263,0.194736842,2.544465766,1.436863998,5.542163664,4.36054762,1.223371768,4.530236685,3.564368357,0.038505915,0.038505915,3.842105263,-999999
3.368421053,0.194736842,2.544381528,1.4402215,5.517957489,4.342948809,1.220807758,4.519923349,3.557438738,0.038745411,0.038745411,3.368421053,-999999
2.894736842,0.194736842,2.544382618,1.442654046,5.495029868,4.326150959,1.218965915,4.507943826,3.549033576,0.038961686,0.038961686,2.894736842,-999999
2.421052632,0.194736842,2.544302247,1.445639845,5.470453167,4.308055836,1.216646884,4.496335985,3.540925384,0.03919676,0.03919676,2.421052632,-999999
1.947368421,0.194736842,2.544327655,1.447617356,5.447485778,4.291028531,1.215133834,4.483033578,3.531321746,0.03940597,0.03940597,1.947368421,-999999
1.473684211,0.194736842,2.544331867,1.449634845,5.423925535,4.273465639,1.213565646,4.469412554,3.521412831,0.03961931,0.03961931,1.473684211,-999999
1,0.194736842,2.544279158,1.451990101,5.399124394,4.254891557,1.211695368,4.45584306,3.511519208,0.039845585,0.039845585,1,-999999
1.473684211,0.384210526,2.853588203,1.218319127,9.190397166,7.733949056,2.084318358,4.409305868,3.710541159,0.033011008,0.033011008,1.473684211,-999999
1,0.384210526,2.855349257,1.218229676,9.192857177,7.740281229,2.325352834,3.953317123,3.328648072,0.03313013,0.03313013,1,-999999
10,0.147368421,2.305624786,1.355817763,2.88151346,1.810662505,1.070859718,2.69084121,1.690849393,0.034656467,0.034656467,10,-999999
9.526315789,0.147368421,2.301397515,1.374056262,2.803159417,1.750337535,1.052833159,2.662491576,1.662502288,0.035250694,0.035250694,9.526315789,-999999
9.052631579,0.147368421,2.296967593,1.39247884,2.720909267,1.686854901,1.034068043,2.631267146,1.631280372,0.035856214,0.035856214,9.052631579,-999999
8.578947368,0.147368421,2.292241255,1.411083872,2.63376976,1.619322569,1.014463714,2.596218794,1.596235082,0.036473276,0.036473276,8.578947368,-999999
8.105263158,0.147368421,2.287245973,1.429874037,2.542055175,1.548046364,0.994028592,2.557326012,1.557345912,0.037102274,0.037102274,8.105263158,-999999
7.631578947,0.147368421,2.281972228,1.4488507,2.445617497,1.472904321,0.972736831,2.514161506,1.514185824,0.03774358,0.03774358,7.631578947,-999999
7.157894737,0.147368421,2.276410406,1.468015412,2.344302714,1.39376996,0.950560835,2.46623112,1.466260662,0.038397582,0.038397582,7.157894737,-999999
6.684210526,0.147368421,2.270558183,1.487369972,2.237950176,1.310504332,0.927478487,2.412940253,1.412975449,0.039064691,0.039064691,6.684210526,-999999
6.210526316,0.147368421,2.264381599,1.506916491,2.126402259,1.22300469,0.903434167,2.353688113,1.353728623,0.039745342,0.039745342,6.210526316,-999999
5.736842105,0.147368421,2.257889607,1.52665753,2.009481382,1.131105244,0.87841612,2.287618973,1.287664489,0.04044003,0.04044003,5.736842105,-999999
5.263157895,0.147368421,2.25103125,1.546592706,1.88674294,1.034434059,0.852352653,2.213570797,1.21362215,0.0411492,0.0411492,5.263157895,-999999
4.789473684,0.147368421,2.243829124,1.566730374,1.758529152,0.933338669,0.825236925,2.130938519,1.130994797,0.041873558,0.041873558,4.789473684,-999999
4.315789474,0.147368421,2.236246881,1.587072793,1.624420338,0.827463185,0.797004633,2.038156708,1.03821628,0.042613664,0.042613664,4.315789474,-999999
3.842105263,0.147368421,2.228219972,1.607619636,1.483999764,0.716485555,0.76756052,1.933397725,0.933458061,0.043370021,0.043370021,3.842105263,-999999
3.368421053,0.147368421,2.219726069,1.628378163,1.337381345,0.6005787,0.736843822,1.815013311,0.815069193,0.0441434,0.0441434,3.368421053,-999999
2.894736842,0.147368421,2.210670616,1.649350052,1.184529252,0.479844494,0.704718232,1.680855126,0.680902625,0.044934497,0.044934497,2.894736842,-999999
2.421052632,0.147368421,2.200855817,1.670533935,1.025828315,0.354926431,0.670926635,1.528972412,0.529009303,0.04574395,0.04574395,2.421052632,-999999
1,0.1,,,,,,,,,,,
1,0.147368421,,,,,,,,,,,
1.473684211,0.1,,,,,,,,,,,
1.473684211,0.147368421,,,,,,,,,,,
1.947368421,0.1,,,,,,,,,,,
1.947368421,0.147368421,,,,,,,,,,,
2.421052632,0.1,,,,,,,,,,,
2.894736842,0.1,,,,,,,,,,,
3.368421053,0.1,,,,,,,,,,,
3.842105263,0.1,,,,,,,,,,,
4.315789474,0.1,,,,,,,,,,,
4.789473684,0.1,,,,,,,,,,,
5.263157895,0.1,,,,,,,,,,,
5.736842105,0.1,,,,,,,,,,,
6.210526316,0.1,,,,,,,,,,,
6.684210526,0.1,,,,,,,,,,,
7.157894737,0.1,,,,,,,,,,,
7.631578947,0.1,,,,,,,,,,,
8.105263158,0.1,,,,,,,,,,,
8.578947368,0.1,,,,,,,,,,,
9.052631579,0.1,,,,,,,,,,,
9.526315789,0.1,,,,,,,,,,,
10,0.1,,,,,,,,,,,
