DSH[K],DSC[K],P_cond,P_eva,Q_cond,Q_eva,W_comp,COP_H,COP_R,mtot,mdot,DSH,DSC
1.0,1.0,2759625.291821853,1387923.587889678,10101.62616833795,9124.285334475311,1136.2065910088184,8.890659716529976,8.03048090609474,,0.03798365789407914,1.0,1.0
1.0,1.4736842105263157,2762068.597492142,1386831.409783489,10131.049924855834,9152.174473521638,1124.2084474352368,9.011718376577544,8.140994220779394,,0.037952054674024294,1.0,1.4736842105263157
1.0,1.9473684210526314,2764664.2964711157,1385753.8984409447,10160.204356751503,9179.705102075779,1119.3248750887717,9.077082608340778,8.201108816908722,,0.03792088017021277,1.0,1.9473684210526314
1.0,2.4210526315789473,2767433.0861618416,1384688.6221066022,10189.122563675008,9206.93905687144,1120.5811543677373,9.092712762445117,8.21621800526018,,0.037890437273347725,1.0,2.4210526315789473
1.0,2.894736842105263,2770477.0260001556,1383644.271760244,10217.724366182254,9233.652939966645,1122.8933798973421,9.099460865212675,8.223089658619957,,0.037860240481242105,1.0,2.894736842105263
1.0,3.3684210526315788,2773665.22113452,1382613.0869603301,10246.087213319208,9260.044813356079,1125.2833005975538,9.105340146679755,8.229078675955433,,0.0378304284925578,1.0,3.3684210526315788
1.0,3.8421052631578947,2777093.989270252,1381598.0885878203,10274.191372589381,9286.036686233589,1127.80809781398,9.109875512069607,8.233702794147893,,0.037801088468357336,1.0,3.8421052631578947
1.0,4.315789473684211,2780694.025194423,1380596.4797131405,10302.065231088118,9311.69964064937,1130.4260740533316,9.113435604106638,8.237336217184655,,0.037772139386323164,1.0,4.315789473684211
1.0,4.789473684210526,2784772.0316075175,1379618.496658237,10329.631718750135,9336.770636817177,1133.3190788121597,9.114495566047207,8.23843065150118,,0.037743876889502065,1.0,4.789473684210526
1.0,5.263157894736842,2789154.1503749997,1378657.64904837,10356.949477215681,9361.415249645717,1136.3828059704801,9.113961794213141,8.237906452351673,,0.037716113183477375,1.0,5.263157894736842
1.0,5.7368421052631575,2794005.984479144,1377719.1646774851,10383.982963637241,9385.49860623355,1139.714490284514,9.111038819068645,8.234955935227768,,0.037688999106621386,1.0,5.7368421052631575
1.0,6.2105263157894735,2799279.53380197,1376800.9277296632,10410.75513383465,9409.074205895779,1143.2844000524356,9.106006461172015,8.229863195425601,,0.037662473298835854,1.0,6.2105263157894735
1.0,6.684210526315789,2805199.138343278,1375910.0061576713,10437.217398141776,9431.959673796486,1147.2234719112357,9.097806707836725,8.221553955902905,,0.03763673968544549,1.0,6.684210526315789
1.0,7.157894736842105,2811776.678781991,1375046.2111665555,10463.378268949313,9454.15886424486,1151.536430702313,9.086450059220255,8.210038876910602,,0.03761179253246602,1.0,7.157894736842105
1.0,7.63157894736842,2819136.5283654802,1374213.075796806,10489.217827911654,9475.579950777863,1156.293744593698,9.0714127590454,8.194786138973209,,0.03758773358852201,1.0,7.63157894736842
1.0,8.105263157894736,2827413.3496788777,1373414.3699379808,10514.7150879018,9496.124883630215,1161.570939186963,9.052150611878716,8.175243167048404,,0.037564671405253144,1.0,8.105263157894736
1.0,8.578947368421051,2836917.648024136,1372659.4791718076,10539.808068782584,9515.550950649204,1167.5449171289256,9.027325556519665,8.150051283721577,,0.03754287662528323,1.0,8.578947368421051
1.0,9.052631578947368,2847717.847522364,1371949.6889812094,10564.496178729916,9533.823662033583,1174.2490783535434,8.996810279419401,8.119081239051342,,0.03752238597345452,1.0,9.052631578947368
1.0,9.526315789473683,2860080.614518987,1371292.597394418,10588.732496788234,9550.745991172489,1181.830393465801,8.959604149065779,8.081316950365654,,0.03750341839317347,1.0,9.526315789473683
1.0,10.0,2874253.2071395046,1370694.9398319826,10612.47725705148,9566.142934690804,1190.4213749050693,8.914891382807854,8.035930080181616,,0.03748616788300219,1.0,10.0
1.4736842105263157,1.0,2757977.64627073,1388137.5710771554,10095.25685311845,9110.620959003305,1135.1737168380566,8.893138295377424,8.025750441421664,,0.037842523034020754,1.4736842105263157,1.0
1.4736842105263157,1.4736842105263157,2760413.91439497,1387049.3324284942,10124.57419101976,9138.406773644814,1124.117205131806,9.006689111063489,8.129407442503569,,0.037811210935725606,1.4736842105263157,1.4736842105263157
1.4736842105263157,1.9473684210526314,2763002.615497293,1385975.694092062,10153.623976876843,9165.835702818396,1118.971434755168,9.074068972188254,8.191304458834455,,0.0377803231464237,1.4736842105263157,1.9473684210526314
1.4736842105263157,2.4210526315789473,2765762.639763236,1384915.4780944,10182.425657430505,9192.93736653111,1119.5907730382671,9.09477453962768,8.210979929375409,,0.03775002081157629,1.4736842105263157,2.4210526315789473
1.4736842105263157,2.894736842105263,2768799.0031456063,1383874.8630990684,10210.926436362313,9219.552896911753,1121.8992800425365,9.101464470121746,8.21780801620819,,0.03772009790070906,1.4736842105263157,2.894736842105263
1.4736842105263157,3.3684210526315788,2771980.6055927854,1382847.3851639025,10239.189528534036,9245.847046454683,1124.2861879716536,9.107280368717111,8.223748673044978,,0.0376905567600386,1.4736842105263157,3.3684210526315788
1.4736842105263157,3.8421052631578947,2775403.285464515,1381836.04562831,10267.195666701231,9271.74239812044,1126.8084404191213,9.111748988037668,8.228321749765891,,0.03766148351236751,1.4736842105263157,3.8421052631578947
1.4736842105263157,4.315789473684211,2779092.0125722075,1380841.3132466534,10294.946824646056,9297.22629938954,1129.4804337611872,9.114763316761252,8.231418643021229,,0.03763289144650395,1.4736842105263157,4.315789473684211
1.4736842105263157,4.789473684210526,2783171.1659884104,1379867.060279377,10322.417960117378,9322.198789271317,1132.3755348253273,9.115719690738148,8.232426878340583,,0.03760489165673175,1.4736842105263157,4.789473684210526
1.4736842105263157,5.263157894736842,2787556.7811606643,1378909.9492991185,10349.641729698964,9346.744674872734,1135.442936773584,9.115069894316283,8.231804850917442,,0.03757738801894589,1.4736842105263157,5.263157894736842
1.4736842105263157,5.7368421052631575,2792413.7622251324,1377975.1689427854,10376.583328646026,9370.730126292518,1138.7795404155343,9.1120212125164,8.228748228891776,,0.03755052942114361,1.4736842105263157,5.7368421052631575
1.4736842105263157,6.2105263157894735,2797598.006792702,1377057.3743892212,10403.290301254483,9394.29150599534,1142.298762569849,9.107328697310345,8.224023183620405,,0.037524162084833834,1.4736842105263157,6.2105263157894735
1.4736842105263157,6.684210526315789,2803521.3215283286,1376169.9415767612,10429.665936116597,9417.084575703091,1146.2426128207203,9.09900384042681,8.215612009510926,,0.03749867004270579,1.4736842105263157,6.684210526315789
1.4736842105263157,7.157894736842105,2810106.9940708433,1375309.680299255,10455.742020770344,9439.190210279292,1150.5633219074791,9.087498116519246,8.203972811014335,,0.03747396136445202,1.4736842105263157,7.157894736842105
1.4736842105263157,7.63157894736842,2817480.4899255,1374480.1437760154,10481.4987694658,9460.51605941482,1155.332045212717,9.072282564045015,8.188568904165532,,0.03745013782468219,1.4736842105263157,7.63157894736842
1.4736842105263157,8.105263157894736,2825777.6109906724,1373685.1304743509,10506.915374049646,9480.963410470811,1160.6250132820333,9.052807973126505,8.16884290961505,,0.037427308205382925,1.4736842105263157,8.105263157894736
1.4736842105263157,8.578947368421051,2835318.0465725125,1372934.2853240431,10531.92860441067,9500.282850090598,1166.6246004610632,9.027692884453433,8.143393210066014,,0.03740574911696656,1.4736842105263157,8.578947368421051
1.4736842105263157,9.052631578947368,2846168.076236532,1372228.813854894,10556.538697585374,9518.441978757306,1173.3629102702341,8.996823237879681,8.11210401781418,,0.03738549479246785,1.4736842105263157,9.052631578947368
1.4736842105263157,9.526315789473683,2858595.954365955,1371576.3290978763,10580.699195275158,9535.243373237565,1180.9878427609713,8.959194000286303,8.073955571757288,,0.03736676341199751,1.4736842105263157,9.526315789473683
1.4736842105263157,10.0,2872849.6439188262,1370983.5653129213,10604.371004924325,9550.512164275951,1189.6322801400263,8.91399063555684,8.028121230160133,,0.03734974788492174,1.4736842105263157,10.0
1.9473684210526314,1.0,2756345.821252342,1388349.339889837,10088.954660701687,9097.048453143014,1130.243296815603,8.926356554492958,8.048752404702102,,0.03770338988080403,1.9473684210526314,1.0
1.9473684210526314,1.4736842105263157,2758775.1601372315,1387264.9953584895,10118.166902396642,9124.73217665367,1122.2554763901119,9.01592116524404,8.130708531719193,,0.037672361949604875,1.9473684210526314,1.4736842105263157
1.9473684210526314,1.9473684210526314,2761356.916386713,1386195.1853655095,10147.113292508237,9152.060617142446,1118.302080815901,9.073678272247346,8.183889464343304,,0.037641754023637425,1.9473684210526314,1.9473684210526314
1.9473684210526314,2.4210526315789473,2764108.945383223,1385139.5105929652,10175.804802235063,9179.043417241935,1118.605372165018,9.096867452495943,8.20579236042488,,0.03761163962970401,1.9473684210526314,2.4210526315789473
1.9473684210526314,2.894736842105263,2767048.1565917786,1384099.4213517087,10204.231807812985,9205.642786116283,1120.8565209324852,9.103958996753374,8.21304298471471,,0.037581893956803655,1.9473684210526314,2.894736842105263
1.9473684210526314,3.3684210526315788,2770312.9829864935,1383078.770776955,10232.37048062521,9231.759495064902,1123.2941404063558,9.109252966390097,8.218470267925797,,0.03755270809646205,1.9473684210526314,3.3684210526315788
1.9473684210526314,3.8421052631578947,2773729.6456351974,1382071.0436113863,10260.279861305033,9257.559597618088,1125.8138591811814,9.113655670189976,8.222993101498348,,0.037523895560727535,1.9473684210526314,3.8421052631578947
1.9473684210526314,4.315789473684211,2777412.9582074573,1381079.8728329958,10287.935999653322,9282.949483836377,1128.483858324936,9.116600050375741,8.226036566987778,,0.03749556005916359,1.9473684210526314,4.315789473684211
1.9473684210526314,4.789473684210526,2781487.147897638,1380109.1163145504,10315.31424687658,9307.829589133205,1131.377479794463,9.117482388592851,8.226988565146407,,0.03746781167860569,1.9473684210526314,4.789473684210526
1.9473684210526314,5.263157894736842,2785869.458868252,1379155.4893982394,10342.44661823015,9332.283371398416,1134.4445867006239,9.116749058946752,8.226301646464796,,0.03744055632818638,1.9473684210526314,5.263157894736842
1.9473684210526314,5.7368421052631575,2790724.967661446,1378224.1653009625,10369.298763956009,9356.177368848268,1137.7822690859923,9.113605516357637,8.22317030512728,,0.03741394165492661,1.9473684210526314,5.7368421052631575
1.9473684210526314,6.2105263157894735,2796006.676256477,1377313.0767586934,10395.892995987966,9379.56385089298,1141.3613200215796,9.108327760565263,8.217874293055281,,0.03738790836296505,1.9473684210526314,6.2105263157894735
1.9473684210526314,6.684210526315789,2801942.187085801,1376429.3559350888,10422.181340562382,9402.258854329977,1145.3148252217231,9.099839721837824,8.209322578627916,,0.037362660006187876,1.9473684210526314,6.684210526315789
1.9473684210526314,7.157894736842105,2808544.8246880537,1375572.857093038,10448.171939711696,9424.265096269626,1149.6483355119472,9.088146015589233,8.197519889482491,,0.03733819215360326,1.9473684210526314,7.157894736842105
1.9473684210526314,7.63157894736842,2815842.156051067,1374743.9127640799,10473.869177592522,9445.573098755123,1154.3755036969283,9.073190780685822,8.18240950930208,,0.03731451404479041,1.9473684210526314,7.63157894736842
1.9473684210526314,8.105263157894736,2824248.5690711075,1373955.445614406,10499.184985566546,9465.849512785777,1159.736361132116,9.053079076797601,8.16207013078849,,0.03729199449389091,1.9473684210526314,8.105263157894736
1.9473684210526314,8.578947368421051,2833736.6646858626,1373205.720029242,10524.140698936359,9485.137674555901,1165.7096098251268,9.028098087408862,8.136792898171963,,0.03727058358286971,1.9473684210526314,8.578947368421051
1.9473684210526314,9.052631578947368,2844636.857591631,1372504.5334287162,10548.673868980295,9503.184170918112,1172.4822146656993,8.996873246378373,8.10518407192017,,0.03725056074804606,1.9473684210526314,9.052631578947368
1.9473684210526314,9.526315789473683,2857130.1892391066,1371856.6258968005,10572.75969114919,9519.865521145199,1180.1509131467396,8.958820074085368,8.066650980900018,,0.03723206095003825,1.9473684210526314,9.526315789473683
1.9473684210526314,10.0,2871465.2192022167,1371268.713185463,10596.359667557588,9535.007290830617,1188.848897217991,8.913125707021292,8.020369378432665,,0.037215275538481196,1.9473684210526314,10.0
2.4210526315789473,1.0,2754729.595292455,1388558.8151261637,10082.719725639443,9083.569037584757,1122.5947782471096,8.981620011971941,8.091583190658,,0.03756620792158409,2.4210526315789473,1.0
2.4210526315789473,1.4736842105263157,2757152.083527345,1387478.3212118216,10111.828142655417,9111.151864064293,1118.787650326861,9.038201431434446,8.143772289050931,,0.03753545756254743,2.4210526315789473,1.4736842105263157
2.4210526315789473,1.9473684210526314,2759726.96049358,1386412.2916107778,10140.672502494177,9138.381120996897,1117.0486950593945,9.078093504200359,8.180826101328556,,0.03750512285697942,2.4210526315789473,1.9473684210526314
2.4210526315789473,2.4210526315789473,2762471.3171180678,1385360.9450121159,10169.256788244711,9165.25060671008,1117.6501009951176,9.098783938900333,8.200465063752649,,0.03747520985281936,2.4210526315789473,2.4210526315789473
2.4210526315789473,2.894736842105263,2765404.145390133,1384324.341665533,10197.587008935641,9191.75818684502,1119.8728703223974,9.106022013016426,8.207858615414827,,0.03744574894268697,2.4210526315789473,2.894736842105263
2.4210526315789473,3.3684210526315788,2768661.943705979,1383307.2765925254,10225.629011194225,9217.78049539766,1122.3072057804252,9.111256667093722,8.21324183603351,,0.03741682074833946,2.4210526315789473,3.3684210526315788
2.4210526315789473,3.8421052631578947,2772072.6895198063,1382303.113027846,10253.442886142706,9243.486655590872,1124.8244228223664,9.115594112381698,8.217715110059105,,0.037388263165388944,2.4210526315789473,3.8421052631578947
2.4210526315789473,4.315789473684211,2775750.683789895,1381315.460098856,10281.005206094547,9268.783731060264,1127.4924534443444,9.11846919656748,8.220705781883792,,0.03736017867666311,2.4210526315789473,4.315789473684211
2.4210526315789473,4.789473684210526,2779820.0460201036,1380348.1584767164,10308.291751981114,9293.572605817197,1130.384641795497,9.119277961533058,8.221601977053878,,0.037332676298786296,2.4210526315789473,4.789473684210526
2.4210526315789473,5.263157894736842,2784199.177972036,1379397.972242771,10335.333870379347,9317.93545981356,1133.451493218494,9.11846155941939,8.220850663273469,,0.03730566383300252,2.4210526315789473,5.263157894736842
2.4210526315789473,5.7368421052631575,2789053.338329038,1378470.0673787487,10362.097734442505,9341.739076025719,1136.7902884277783,9.11522366079821,8.21764504070991,,0.03727928793992942,2.4210526315789473,5.7368421052631575
2.4210526315789473,6.2105263157894735,2794335.4371212786,1377562.3762383007,10388.605452777496,9365.035692051084,1140.371734854452,9.109841234449235,8.212265707590836,,0.03725348963371424,2.4210526315789473,6.2105263157894735
2.4210526315789473,6.684210526315789,2800275.403792214,1376682.0863286236,10414.809180790884,9387.639951237867,1144.3304086509518,9.101225574411568,8.203609622071419,,0.03722847296444935,2.4210526315789473,6.684210526315789
2.4210526315789473,7.157894736842105,2806887.0171158887,1375829.0664265528,10440.716980317402,9409.554209122603,1148.6721162562865,9.089379669409436,8.191679832701002,,0.037204233943021615,2.4210526315789473,7.157894736842105
2.4210526315789473,7.63157894736842,2814297.9500226676,1375006.9243349044,10466.309375046227,9430.684830457536,1153.4693893404235,9.073764307721307,8.175929866548246,,0.037180874819378165,2.4210526315789473,7.63157894736842
2.4210526315789473,8.105263157894736,2822740.1713795494,1374222.5394637315,10491.543660098705,9450.853753024678,1158.8549501417356,9.05337088029483,8.155337949644842,,0.037158590750422764,2.4210526315789473,8.105263157894736
2.4210526315789473,8.578947368421051,2832173.107784912,1373473.8174396588,10516.443034907283,9470.113695120022,1164.8000018125458,9.028539679380701,8.13024869538425,,0.03713732192378955,2.4210526315789473,8.578947368421051
2.4210526315789473,9.052631578947368,2843123.7902396154,1372776.8818422672,10540.9003594685,9488.048507449746,1171.6070480357587,8.996958815791265,8.098319759476354,,0.0371175260072896,2.4210526315789473,9.052631578947368
2.4210526315789473,9.526315789473683,2855682.8903096337,1372133.5146033836,10564.912598302799,9504.610822112945,1179.319651818572,8.958480919071564,8.059401713060867,,0.03709925321770431,2.4210526315789473,9.526315789473683
2.4210526315789473,10.0,2870185.641121739,1371553.134952279,10588.422805675495,9519.556595046042,1188.1210704262612,8.911905587093658,8.012278236620043,,0.037082770673540544,2.4210526315789473,10.0
2.894736842105263,1.0,2752718.2347000395,1387792.6844979364,10070.596330819346,9064.453606250241,1112.9913682090576,9.048225007372874,8.144226330197045,,0.037403375790961556,2.894736842105263,1.0
2.894736842105263,1.4736842105263157,2755134.4803396217,1386722.223209999,10099.610937344523,9091.946752668568,1113.4996978874951,9.070151484104812,8.165199119422834,,0.03737307651568527,2.894736842105263,1.4736842105263157
2.894736842105263,1.9473684210526314,2757703.108633201,1385666.0827823093,10128.363280147645,9119.087954398676,1114.757360591878,9.085711059822033,8.180334372994778,,0.037343186441024585,2.894736842105263,1.9473684210526314
2.894736842105263,2.4210526315789473,2760850.1967834895,1385579.2933292468,10162.786411983727,9151.570661282694,1116.7042550928093,9.100696415936104,8.19516055351836,,0.0373407303623357,2.894736842105263,2.4210526315789473
2.894736842105263,2.894736842105263,2763776.220587202,1384546.4809876713,10191.017102521979,9177.97868349525,1118.89423409955,9.108114772548973,8.202722298306767,,0.03731150904673315,2.894736842105263,2.894736842105263
2.894736842105263,3.3684210526315788,2767027.080557369,1383532.953143212,10218.963645129923,9203.90788663184,1121.3253004608257,9.113290889744738,8.208062266007333,,0.03728283310289686,2.894736842105263,3.3684210526315788
2.894736842105263,3.8421052631578947,2770432.0087636504,1382532.3123302106,10246.683249724385,9229.52127664438,1123.8400319651205,9.117563850975547,8.212486665478409,,0.037254525305546723,2.894736842105263,3.8421052631578947
2.894736842105263,4.315789473684211,2774104.7812610646,1381548.1327736406,10274.15292781705,9254.7267590485,1126.5061070426752,9.120370376676382,8.215425288145292,,0.03722668661627,2.894736842105263,4.315789473684211
2.894736842105263,4.789473684210526,2778169.4477676754,1380584.2451854702,10301.348909502407,9279.425539639986,1129.3968905780705,9.121106136771605,8.21626623647813,,0.037199425203238906,2.894736842105263,4.789473684210526
2.894736842105263,5.263157894736842,2782545.5044061886,1379637.4578832726,10328.301942887707,9303.698633113261,1132.4634951193168,9.120207395117415,8.215451246958756,,0.03717265060869123,2.894736842105263,5.263157894736842
2.894736842105263,5.7368421052631575,2787398.4601072567,1378712.931280544,10354.978604451213,9327.41298711042,1135.803431057203,9.11687561536315,8.212171870645335,,0.03714650857181994,2.894736842105263,5.7368421052631575
2.894736842105263,6.2105263157894735,2792681.0490260827,1377808.5964492084,10381.400893806882,9350.620869493794,1139.3872695248444,9.111389227769948,8.206709974382335,,0.03712094038582281,2.894736842105263,6.2105263157894735
2.894736842105263,6.684210526315789,2798625.630876625,1376931.7007521167,10407.521069621025,9373.135423211897,1143.351137277514,9.102646361469366,8.197949971459076,,0.037096150729618214,2.894736842105263,6.684210526315789
2.894736842105263,7.157894736842105,2805246.391060619,1376082.125949378,10433.34712879216,9394.95868340508,1147.7010676368043,9.090648621835948,8.185893477253575,,0.03707213600845072,2.894736842105263,7.157894736842105
2.894736842105263,7.63157894736842,2812672.09120487,1375263.4957502633,10458.859684068826,9415.996551974396,1152.5102776267752,9.074851554127125,8.169989226789038,,0.03704899839298498,2.894736842105263,7.63157894736842
2.894736842105263,8.105263157894736,2821142.330176919,1374482.9210619447,10484.015021432873,9436.065121322006,1157.9160506309227,9.054209945289529,8.14917896351856,,0.037026938568164615,2.894736842105263,8.105263157894736
2.894736842105263,8.578947368421051,2830702.779879354,1373741.072875266,10508.816719888635,9455.145895772765,1163.940186021488,9.028657010124597,8.123395007171107,,0.03700597518120021,2.894736842105263,8.578947368421051
2.894736842105263,9.052631578947368,2841628.460000114,1373045.9173078802,10533.21660610336,9473.032673786149,1170.7374421055938,8.997078445837666,8.091509106216606,,0.03698633300831046,2.894736842105263,9.052631578947368
2.894736842105263,9.526315789473683,2854253.637738735,1372407.0553367275,10557.156348193123,9489.476928348045,1178.4940903475788,8.958175042761098,8.052205781998678,,0.03696828295669364,2.894736842105263,9.526315789473683
2.894736842105263,10.0,2868854.2589080674,1371831.950235915,10580.593741452994,9504.284960616087,1187.3585675241793,8.911034990479008,8.004561739453269,,0.03695203548618326,2.894736842105263,10.0
3.3684210526315788,1.0,2750983.2857252364,1387639.7685367723,10062.316153847903,9049.06478249854,1109.8343281293571,9.066502899408503,8.15352756095667,,0.03726001950928027,3.3684210526315788,1.0
3.3684210526315788,1.4736842105263157,2753392.2505444707,1386573.4936797787,10091.221413383599,9076.452198352528,1111.762280554213,9.076779802560965,8.16402243277036,,0.03722999770990489,3.3684210526315788,1.4736842105263157
3.3684210526315788,1.9473684210526314,2755953.600745511,1385521.466254466,10119.866133522171,9103.48939428196,1113.7717033062547,9.086122500222565,8.173568575371469,,0.03720038080388907,3.3684210526315788,1.9473684210526314
3.3684210526315788,2.4210526315789473,2758684.6115320963,1384483.906117055,10148.254345515597,9130.17009802994,1115.9009912383783,9.094224689462376,8.1818818781563,,0.037171174809961044,3.3684210526315788,2.4210526315789473
3.3684210526315788,2.894736842105263,2761604.1730656186,1383461.087882722,10176.38959437844,9156.486630720115,1118.1377950589651,9.101194539123673,8.189050286272852,,0.03714238738232666,3.3684210526315788,2.894736842105263
3.3684210526315788,3.3684210526315788,2764848.4098328943,1382457.3235345334,10204.243269270453,9182.327345751737,1120.5610926534237,9.106369421686235,8.194401363703,,0.03711413968521435,3.3684210526315788,3.3684210526315788
3.3684210526315788,3.8421052631578947,2768247.9573915824,1381466.3502217866,10231.871317026335,9207.852755166829,1123.0689241485122,9.110635239759597,8.198831395987591,,0.03708625531054356,3.3684210526315788,3.8421052631578947
3.3684210526315788,4.315789473684211,2771916.1372903995,1380491.6990649651,10259.251178073926,9232.971370131343,1125.728720483205,9.113431141447888,8.201772951273913,,0.03705883347390358,3.3684210526315788,4.315789473684211
3.3684210526315788,4.789473684210526,2775977.367093261,1379537.173478342,10286.359227142231,9257.584408784674,1128.6140986579007,9.114150921359503,8.202612761787572,,0.03703198100573011,3.3684210526315788,4.789473684210526
3.3684210526315788,5.263157894736842,2780351.6520092054,1378599.6316687698,10313.225842898355,9281.772143316217,1131.6764475009868,9.113228313333225,8.2017896226546,,0.03700560934292412,3.3684210526315788,5.263157894736842
3.3684210526315788,5.7368421052631575,2785205.901999627,1377684.2322349704,10339.817665747576,9305.400719264493,1135.0141490891385,9.109857946744889,8.198488738428662,,0.03697986340400986,3.3684210526315788,5.7368421052631575
3.3684210526315788,6.2105263157894735,2790491.3573136856,1376788.8766174945,10366.15685638705,9328.52349256945,1138.5968636959626,9.10432584781395,8.192999462767208,,0.036954683970322706,3.3684210526315788,6.2105263157894735
3.3684210526315788,6.684210526315789,2796444.9287088914,1375920.8935842665,10392.195134420474,9350.950303841286,1142.5634673931174,9.095507979203461,8.184184573288077,,0.03693027692832326,3.3684210526315788,6.684210526315789
3.3684210526315788,7.157894736842105,2803622.515480077,1376332.108827951,10426.060934150802,9380.475783151423,1146.7355242086473,9.091949027519437,8.180156265434274,,0.036941839676652086,3.3684210526315788,7.157894736842105
3.3684210526315788,7.63157894736842,2811063.162577248,1375516.955710949,10451.494722682392,9401.421889499208,1151.5567576292963,9.075970119092373,8.164097711391895,,0.03691891937093442,3.3684210526315788,7.63157894736842
3.3684210526315788,8.105263157894736,2819039.775630515,1373498.738138207,10468.448859599455,9413.590632063635,1157.1681130343231,9.046610204414566,8.135024225113966,,0.03686218131983608,3.3684210526315788,8.105263157894736
3.3684210526315788,8.578947368421051,2828644.560499055,1372765.6269111824,10493.173233661388,9432.566518054082,1163.2166722346003,9.0208243091147,8.10903655630522,,0.036841574848821654,3.3684210526315788,8.578947368421051
3.3684210526315788,9.052631578947368,2839727.996822579,1372082.3433758784,10517.474722327584,9450.259614642287,1170.1047666265633,8.988489768014265,8.076421773656717,,0.03682237060264627,3.3684210526315788,9.052631578947368
3.3684210526315788,9.526315789473683,2852454.440705411,1371452.989554693,10541.334028672254,9466.562175051748,1177.9191683341646,8.949114941036239,8.036682337413303,,0.03680468350936943,3.3684210526315788,9.526315789473683
3.3684210526315788,10.0,2867110.8286157297,1370885.341126174,10564.706463969773,9481.271192756321,1186.8150300870407,8.901729583922577,7.988836467685253,,0.036788731721606786,3.3684210526315788,10.0
3.8421052631578947,1.0,2749263.325781514,1387482.7561262157,10054.09690277414,9033.76388133558,1108.889517004598,9.06681571842513,8.146676240332898,,0.03711851879836116,3.8421052631578947,1.0
3.8421052631578947,1.4736842105263157,2751665.092827869,1386420.6183891555,10082.894038142089,9061.046839528433,1110.8383410173808,9.076832934041054,8.156944629071512,,0.03708876845577785,3.8421052631578947,1.4736842105263157
3.8421052631578947,1.9473684210526314,2754219.2441798057,1385372.6605093007,10111.432319490823,9087.981175951289,1112.8711797371493,9.085896466362852,8.166247218386761,,0.03705941893020835,3.8421052631578947,1.9473684210526314
3.8421052631578947,2.4210526315789473,2756943.143555132,1384339.1024661332,10139.715829375284,9114.560614505992,1114.9983072868324,9.093929347793036,8.174506234619134,,0.037030476238485134,3.8421052631578947,2.4210526315789473
3.8421052631578947,2.894736842105263,2759855.7729297215,1383320.2239543942,10167.748047697633,9140.777345400966,1117.2308969587748,9.100847528810167,8.181636732642433,,0.03700194808294148,3.8421052631578947,2.894736842105263
3.8421052631578947,3.3684210526315788,2763092.8008865593,1382320.305356897,10195.5009237793,9166.520521462042,1119.6499912740135,9.105971511845564,8.186951808959293,,0.03697395414317827,3.8421052631578947,3.3684210526315788
3.8421052631578947,3.8421052631578947,2766486.263492774,1381333.15798053,10223.029408870409,9191.948817273968,1122.1543959747237,9.110180778635634,8.191340559058876,,0.036946321001573364,3.8421052631578947,3.8421052631578947
3.8421052631578947,4.315789473684211,2770149.016139633,1380362.281141535,10250.31140197199,9216.971499036803,1124.8113099953707,9.112916371737208,8.194237928737342,,0.036919146472223136,3.8421052631578947,4.315789473684211
3.8421052631578947,4.789473684210526,2774205.5973430844,1379411.470867456,10277.323629267625,9241.48999604081,1127.694473037608,9.113570984864516,8.195029963344167,,0.036892536629802415,3.8421052631578947,4.789473684210526
3.8421052631578947,5.263157894736842,2778576.8088611346,1378477.6243213827,10304.095945073486,9265.58359530027,1130.7557113535688,9.112574751215707,8.194151488484566,,0.036866404461731235,3.8421052631578947,5.263157894736842
3.8421052631578947,5.7368421052631575,2783430.302136405,1377565.903596122,10330.595354029141,9289.118319108084,1134.0939150485192,9.109118051821286,8.190784022247993,,0.03684089423967341,3.8421052631578947,5.7368421052631575
3.8421052631578947,6.2105263157894735,2788716.5919077997,1376674.196654827,10356.844001742817,9312.147931623846,1137.6782826013539,9.103490995768517,8.185220790477945,,0.03681594667705428,3.8421052631578947,6.2105263157894735
3.8421052631578947,6.684210526315789,2794675.82380685,1375809.910724867,10382.79351732301,9334.480184291868,1141.6497002167735,9.094552834684363,8.176308531872309,,0.036791768798402645,3.8421052631578947,6.684210526315789
3.8421052631578947,7.157894736842105,2801322.220698921,1374972.9257771634,10408.45196251342,9356.11717215635,1146.014183131564,9.082306410965696,8.16405007012226,,0.036768357010680604,3.8421052631578947,7.157894736842105
3.8421052631578947,7.63157894736842,2808787.118119586,1374166.9008871564,10433.800068710867,9376.963318891714,1150.846494029333,9.066196163295544,8.147883638295824,,0.03674581342170803,3.8421052631578947,7.63157894736842
3.8421052631578947,8.105263157894736,2817330.0297223674,1373399.4884378407,10458.790907131415,9396.819501879794,1156.295700755696,9.045083277829436,8.126657822681958,,0.03672435178163976,3.8421052631578947,8.105263157894736
3.8421052631578947,8.578947368421051,2826970.127751538,1372670.489940452,10483.434381727453,9415.689602774828,1162.3678941941564,9.019032987826442,8.10043846686123,,0.03670396624525972,3.8421052631578947,8.578947368421051
3.8421052631578947,9.052631578947368,2838111.7065851656,1371991.8411811127,10507.655261956697,9433.263207105896,1169.2934253758037,8.98632886657992,8.0674901631933,,0.03668499026071008,3.8421052631578947,9.052631578947368
3.8421052631578947,9.526315789473683,2850913.073455907,1371367.4328055948,10531.436187882977,9449.43814316448,1177.1554232205078,8.946512907421063,8.02734962330831,,0.036667532262554384,3.8421052631578947,9.526315789473683
3.8421052631578947,10.0,2865765.419113077,1370808.2415821778,10554.711122786171,9463.928440392707,1186.1693386150816,8.898148669994606,7.97856438562336,,0.03665189878502841,3.8421052631578947,10.0
4.315789473684211,1.0,2747629.0840787264,1387324.2016411521,10045.917002288703,9018.48538829743,1108.049522833234,9.066306871015778,8.139063464634287,,0.0369788935170096,4.315789473684211,1.0
4.315789473684211,1.4736842105263157,2750029.0877845366,1386266.3267451832,10074.60611017228,9045.660681730094,1109.996846806378,9.076247503908128,8.14926700715932,,0.03694941377415437,4.315789473684211,1.4736842105263157
4.315789473684211,1.9473684210526314,2752581.709627094,1385222.564789309,10103.038039431463,9072.488864338164,1112.0284215680279,9.085233653637705,8.158504484575495,,0.036920330849675775,4.315789473684211,1.9473684210526314
4.315789473684211,2.4210526315789473,2755304.416493391,1384193.1457150015,10131.216848955064,9098.9634947709,1114.1545862805115,9.093187762011619,8.166697518292176,,0.03689165101543212,4.315789473684211,2.4210526315789473
4.315789473684211,2.894736842105263,2758122.4130257918,1383175.1137283675,10159.171607528335,9125.16002223024,1116.3301919791832,9.100507789291951,8.17424816402386,,0.036863291808340595,4.315789473684211,2.894736842105263
4.315789473684211,3.3684210526315788,2761352.3425210165,1382179.0010077679,10186.82482324838,9150.806740904447,1118.7451216144796,9.105581446958718,8.179527726296376,,0.036835546458451135,4.315789473684211,3.3684210526315788
4.315789473684211,3.8421052631578947,2764739.811153662,1381195.6357899886,10214.254849088471,9176.139039733625,1121.2461273237166,9.109734785411213,8.183875793297942,,0.036808159330961786,4.315789473684211,3.8421052631578947
4.315789473684211,4.315789473684211,2768397.2299785195,1380228.492133153,10241.44007146652,9201.066871688048,1123.9001854578617,9.112410696234823,8.186729560810294,,0.0367812270418649,4.315789473684211,4.315789473684211
4.315789473684211,4.789473684210526,2772449.295026719,1379281.3581633414,10268.35754032852,9225.491856662324,1126.7811801366238,9.113000573086842,8.187474213532498,,0.0367548549101388,4.315789473684211,4.789473684210526
4.315789473684211,5.263157894736842,2776817.5370762553,1378351.164467307,10295.036629873279,9249.492407443086,1129.841337227459,9.11193128686235,8.186540979409203,,0.03672895730041438,4.315789473684211,5.263157894736842
4.315789473684211,5.7368421052631575,2781670.4255389157,1377443.0874162917,10321.444648786903,9272.934238489152,1133.1800962876405,9.10838858059766,8.183107229704959,,0.036703678152261054,4.315789473684211,5.7368421052631575
4.315789473684211,6.2105263157894735,2786957.6554838517,1376554.9887846264,10347.603750721364,9295.871715683495,1136.7661417607312,9.102667092717956,8.177470610872671,,0.03667895775546913,4.315789473684211,6.2105263157894735
4.315789473684211,6.684210526315789,2792922.705902021,1375694.3623925073,10373.46552064827,9318.11039745653,1140.7424270477597,9.093608929313506,8.168461325289522,,0.03665500449749859,4.315789473684211,6.684210526315789
4.315789473684211,7.157894736842105,2799579.9872502834,1374861.094475877,10399.037991433328,9339.652238213093,1145.1150608212497,9.08121668051015,8.156081915047832,,0.03663181498231323,4.315789473684211,7.157894736842105
4.315789473684211,7.63157894736842,2807061.9525334965,1374058.8614095817,10424.302042909392,9360.40115829847,1149.959493300721,9.064929768081297,8.139765976827038,,0.03660949128539583,4.315789473684211,7.63157894736842
4.315789473684211,8.105263157894736,2815637.0613888116,1373295.5730073606,10449.209548146693,9380.151383872499,1155.4301210132983,9.043566857148281,8.11831993409192,,0.03658825324018954,4.315789473684211,8.105263157894736
4.315789473684211,8.578947368421051,2825312.763333982,1372570.6510931961,10473.77310759505,9398.916616966584,1161.5260718635966,9.0172518390315,8.091868830707007,,0.0365680844717677,4.315789473684211,8.578947368421051
4.315789473684211,9.052631578947368,2836512.945118647,1371896.610986319,10497.91441578034,9416.371505014646,1168.489252535037,8.984177127008332,8.058586319545372,,0.03654933286780613,4.315789473684211,9.052631578947368
4.315789473684211,9.526315789473683,2849472.65701839,1371279.7030590635,10521.600313228622,9432.35263059224,1176.447347696954,8.943536940965526,8.01765812049071,,0.03653217195826168,4.315789473684211,9.526315789473683
4.315789473684211,10.0,2864353.1676426725,1370723.6803769395,10544.815038909463,9446.761179288203,1185.4818855654644,8.894960916150717,7.968709850663118,,0.0365167057904656,4.315789473684211,10.0
4.789473684210526,1.0,2745917.5288502434,1387158.3586730429,10037.823979261366,9003.377007643574,1107.1602800870494,9.066278983989701,8.131954487145883,,0.03684093199117235,4.789473684210526,1.0
4.789473684210526,1.4736842105263157,2748310.5335675264,1386104.5337517704,10066.407276687414,9030.450107857016,1109.102996876953,9.076169936455603,8.142120374108842,,0.03681171283803875,4.789473684210526,1.4736842105263157
4.789473684210526,1.9473684210526314,2750856.169423515,1385064.7583918243,10094.735073447697,9057.17763928157,1111.1300723328488,9.08510652785548,8.151320772252857,,0.03678288665955881,4.789473684210526,1.9473684210526314
4.789473684210526,2.4210526315789473,2753571.985105031,1384039.2601043652,10122.811393259757,9083.553140678707,1113.2519040496172,9.093010626289113,8.159476851228323,,0.03675445963644454,4.789473684210526,2.4210526315789473
4.789473684210526,2.894736842105263,2756477.1794531657,1383028.3251121007,10150.639702704388,9109.568642274184,1115.4798091690875,9.099796893917356,8.166502492823993,,0.036726439572810625,4.789473684210526,2.894736842105263
4.789473684210526,3.3684210526315788,2759706.6212774627,1382036.1797815708,10178.19302029003,9135.11472380429,1117.894457162094,9.104788877948785,8.17171483880048,,0.03669894345161011,4.789473684210526,3.3684210526315788
4.789473684210526,3.8421052631578947,2763095.0147677185,1381056.768110756,10205.524322001336,9160.346617983396,1120.3961172418244,9.108853703567943,8.175989256848025,,0.03667180328977743,4.789473684210526,3.8421052631578947
4.789473684210526,4.315789473684211,2766660.476868122,1380090.3815440298,10232.636315351328,9185.25631603156,1122.9953679202847,9.111913198984528,8.17924684145587,,0.03664502704417245,4.789473684210526,4.315789473684211
4.789473684210526,4.789473684210526,2770708.156051864,1379146.8856348807,10259.46006965246,9209.588800357076,1125.8742414031728,9.112438754141966,8.179944492627525,,0.036618887901607174,4.789473684210526,4.789473684210526
4.789473684210526,5.263157894736842,2775073.5250136373,1378220.30862988,10286.046962584946,9233.497293985387,1128.9333414415999,9.11129699602113,8.178957034074841,,0.03659322023870588,4.789473684210526,5.263157894736842
4.789473684210526,5.7368421052631575,2779925.960231139,1377315.8366861048,10312.364595751942,9256.847220646407,1132.2727127110757,9.107668567813812,8.175457305230047,,0.036568167549005666,4.789473684210526,5.7368421052631575
4.789473684210526,6.2105263157894735,2785214.2370289965,1376431.3099081146,10338.435151652058,9279.69353973712,1135.860462426117,9.101853170916696,8.169747822647471,,0.0365436698254442,4.789473684210526,6.2105263157894735
4.789473684210526,6.684210526315789,2791185.3067878247,1375574.3098762396,10364.210141512769,9301.839540261155,1139.8416958687749,9.092675043452662,8.160641582050037,,0.0365199368473535,4.789473684210526,6.684210526315789
4.789473684210526,7.157894736842105,2797853.644594197,1374744.7225444876,10389.697602182629,9323.287171488468,1144.2225430192666,9.080137133784547,8.148141485560192,,0.03649696523252747,4.789473684210526,7.157894736842105
4.789473684210526,7.63157894736842,2805352.9000233575,1373946.2486892645,10414.87856267977,9343.939741448015,1149.0791863066609,9.063673493342954,8.131676087077212,,0.036474857226342965,4.789473684210526,7.63157894736842
4.789473684210526,8.105263157894736,2813960.5907006157,1373187.0552929456,10439.703705876203,9363.584792800377,1154.5714223829727,9.042059679884698,8.110009143890332,,0.03645383868818937,4.789473684210526,8.105263157894736
4.789473684210526,8.578947368421051,2823672.1714419737,1372466.1797112005,10464.18830169193,9382.245984423833,1160.6912453023467,9.015479649772088,8.083326226846715,,0.036433882686332277,4.789473684210526,8.578947368421051
4.789473684210526,9.052631578947368,2834931.3711539335,1371796.715188414,10488.251005404521,9399.582994281938,1167.6922439668454,8.982033630517389,8.04970919593504,,0.036415351374965016,4.789473684210526,9.052631578947368
4.789473684210526,9.526315789473683,2847982.9174638833,1371185.1779741044,10511.85747397166,9415.425504536714,1175.707707215091,8.94087655414898,8.008304654937675,,0.03639842478157635,4.789473684210526,9.526315789473683
4.789473684210526,10.0,2862959.0908330204,1370634.3930866383,10534.998563605683,9429.698770689494,1184.8020676042902,8.891779354257716,7.958881089528028,,0.03638318075401164,4.789473684210526,10.0
5.263157894736842,1.0,2743688.7932566814,1385708.153234335,10021.994905385922,8980.85236054471,1106.5096710345035,9.057304393929163,8.116379454820567,,0.03666935149324927,5.263157894736842,1.0
5.263157894736842,1.4736842105263157,2746079.6852856716,1384676.3289844862,10050.545722403469,9007.895810050384,1108.4412516982327,9.067278673547309,8.126633501098475,,0.03664088840401829,5.263157894736842,1.4736842105263157
5.263157894736842,1.9473684210526314,2748623.225037768,1383658.2506155374,10078.842656533185,9034.595207123912,1110.4574098068963,9.076298260088922,8.135922303130013,,0.0366128077182796,5.263157894736842,1.9473684210526314
5.263157894736842,2.4210526315789473,2751337.0614477457,1382654.1465585472,10106.889640211142,9060.943927070313,1112.568606191734,9.08428440634013,8.144166460067092,,0.03658511560992677,5.263157894736842,2.4210526315789473
5.263157894736842,2.894736842105263,2754240.514896591,1381664.300555927,10134.69010224803,9086.933884974702,1114.786235574103,9.091151091427651,8.151279227353418,,0.03655781977403564,5.263157894736842,2.894736842105263
5.263157894736842,3.3684210526315788,2757468.163392975,1380692.8450635544,10162.217044564533,9112.45584396194,1117.1908342626873,9.096223073895244,8.156579488924907,,0.03653103401794548,5.263157894736842,3.3684210526315788
5.263157894736842,3.8421052631578947,2760855.9208031427,1379733.88824724,10189.523092179881,9137.663910476442,1119.6833418398721,9.10036142489749,8.160935836967408,,0.03650459574870568,5.263157894736842,3.8421052631578947
5.263157894736842,4.315789473684211,2764515.467013702,1378790.7963226312,10216.587139188063,9162.468979804047,1122.3303698575196,9.103012280140886,8.163789580929924,,0.03647859764706634,5.263157894736842,4.315789473684211
5.263157894736842,4.789473684210526,2768572.1310599074,1377867.2905440487,10243.38642410892,9186.772410681888,1125.2062641134123,9.103563276178548,8.164522988965453,,0.0364531421421672,5.263157894736842,4.789473684210526
5.263157894736842,5.263157894736842,2772948.6755677415,1376960.4140907116,10269.949671569715,9210.65124691118,1128.263919285546,9.102435605733971,8.163560927077832,,0.03642814757744354,5.263157894736842,5.263157894736842
5.263157894736842,5.7368421052631575,2777717.1248775367,1376072.1103246384,10296.267872207267,9234.053590962722,1131.5454178305986,9.09929704098603,8.160568233015578,,0.03640366736663493,5.263157894736842,5.7368421052631575
5.263157894736842,6.2105263157894735,2783013.061480157,1375206.3056136253,10322.317773237251,9256.87509037033,1135.1302700816232,9.093509392974791,8.154901101971936,,0.036379809545349584,5.263157894736842,6.2105263157894735
5.263157894736842,6.684210526315789,2788998.444862317,1374367.6735953146,10348.071753915732,9278.991705302538,1139.1129021332524,9.084324946663823,8.145805115476684,,0.03635670269973982,5.263157894736842,6.684210526315789
5.263157894736842,7.157894736842105,2795687.2509921165,1373556.076494587,10373.537984433078,9300.405895013175,1143.4991265197907,9.07174981060516,8.133286400767716,,0.03633434282277778,5.263157894736842,7.157894736842105
5.263157894736842,7.63157894736842,2803214.570880279,1372775.1843458177,10398.69711561084,9321.019744277424,1148.3659874523983,9.055211691422446,8.116767516735424,,0.03631283080843437,5.263157894736842,7.63157894736842
5.263157894736842,8.105263157894736,2811869.9791676486,1372033.372365756,10423.497185539034,9340.610895304251,1153.880424461129,9.033429257114651,8.094955679368933,,0.03629239712497311,5.263157894736842,8.105263157894736
5.263157894736842,8.578947368421051,2821632.1122296746,1371329.164732455,10447.9572311703,9359.216990931158,1160.0244310150172,9.006669990586643,8.068120584962058,,0.036273000855476106,5.263157894736842,8.578947368421051
5.263157894736842,9.052631578947368,2832971.0685334173,1370676.199046474,10471.99004797012,9376.476211749748,1167.0670109594764,8.972912394602622,8.034222648484512,,0.036255017336869894,5.263157894736842,9.052631578947368
5.263157894736842,9.526315789473683,2846143.5242738705,1370081.2072970648,10495.559113410043,9392.208974225652,1175.148428397589,8.93126251951134,7.992359728577179,,0.03623863164644547,5.263157894736842,9.526315789473683
5.263157894736842,10.0,2861243.290990762,1369545.764969786,10518.66339553039,9406.371933110211,1184.310353493964,8.881678155137399,7.942488981337908,,0.03622388684721801,5.263157894736842,10.0
5.7368421052631575,1.0,2741797.3307395885,1385026.8743460795,10010.938236427528,8962.947000852184,1105.7270110058623,9.053715914311198,8.105931130956757,,0.03652099186791973,5.7368421052631575,1.0
5.7368421052631575,1.4736842105263157,2744180.542270296,1383999.570610962,10039.37416416462,8989.880390728442,1107.6526200015323,9.063648641169404,8.116155036690119,,0.036492793959211296,5.7368421052631575,1.4736842105263157
5.7368421052631575,1.9473684210526314,2746716.425080057,1382985.94136207,10067.55792840423,9016.471367070973,1109.6629063667679,9.072627255215002,8.12541476815918,,0.036464974502504854,5.7368421052631575,1.9473684210526314
5.7368421052631575,2.4210526315789473,2749422.7207912663,1381986.2177265761,10095.49345589517,9042.71323793972,1111.7683911022723,9.080572479566456,8.133630448851173,,0.036437539716779946,5.7368421052631575,2.4210526315789473
5.7368421052631575,2.894736842105263,2752318.8620801093,1381000.6849835634,10123.18421186029,9068.597881018812,1113.9805418565181,9.087397698158508,8.140714797320811,,0.03641049730557794,5.7368421052631575,2.894736842105263
5.7368421052631575,3.3684210526315788,2755539.1413797545,1380033.4514073934,10150.6036601934,9094.016665900677,1116.3797580620812,9.092428975793853,8.1459884956056,,0.03638395985447465,5.7368421052631575,3.3684210526315788
5.7368421052631575,3.8421052631578947,2758920.616955758,1379078.6876327985,10177.803502169614,9119.122110342865,1118.8676221708758,9.096521608536849,8.150313700783965,,0.03635776729301173,5.7368421052631575,3.8421052631578947
5.7368421052631575,4.315789473684211,2762574.641863752,1378139.7353251295,10204.763076966266,9143.825731478395,1121.5105770026953,9.099123348652771,8.153133745662766,,0.0363320111742427,5.7368421052631575,4.315789473684211
5.7368421052631575,4.789473684210526,2766627.077563962,1377220.3190691257,10231.459864585448,9168.028775633604,1124.3833182625258,9.099619051975798,8.153828526912575,,0.03630679351737265,5.7368421052631575,4.789473684210526
5.7368421052631575,5.263157894736842,2771000.826305524,1376317.498025417,10257.9222593659,9191.807893166488,1127.438799343356,9.098429347420302,8.15282204100124,,0.0362820335119392,5.7368421052631575,5.263157894736842
5.7368421052631575,5.7368421052631575,2775868.2972262474,1375436.433369429,10284.117653267944,9215.026390272804,1130.7789569564777,9.09471969742692,8.149272971151937,,0.03625787254850393,5.7368421052631575,5.7368421052631575
5.7368421052631575,6.2105263157894735,2781175.1456889203,1374574.9097752587,10310.068689304117,9237.741676749843,1134.369988109085,9.088805942839052,8.143499716656388,,0.03623424971336139,5.7368421052631575,6.2105263157894735
5.7368421052631575,6.684210526315789,2787078.3803396747,1373737.4843378656,10335.74807182798,9259.832844292641,1138.3035723969958,9.07995751086273,8.134765688904624,,0.03621128979211391,5.7368421052631575,6.684210526315789
5.7368421052631575,7.157894736842105,2793780.3689288157,1372930.0117348006,10361.120727821668,9281.14435844504,1142.6977668100958,9.067245100815512,8.122133978045543,,0.036189153100196166,5.7368421052631575,7.157894736842105
5.7368421052631575,7.63157894736842,2801327.934633927,1372153.327805665,10386.188188249602,9301.653005372556,1147.576968545691,9.050537325972897,8.105472016539698,,0.03616786233045578,5.7368421052631575,7.63157894736842
5.7368421052631575,8.105263157894736,2810021.421037101,1371416.106123165,10410.897037070039,9321.128474928913,1153.1144896282174,9.0285024867103,8.083437125080437,,0.03614765500054155,5.7368421052631575,8.105263157894736
5.7368421052631575,8.578947368421051,2819923.896823362,1370719.4652706701,10435.248262037103,9339.53982577718,1159.3417920603445,9.001011033589947,8.055898519089228,,0.0361285615041133,5.7368421052631575,8.578947368421051
5.7368421052631575,9.052631578947368,2831326.3667844986,1370071.4500752487,10459.194895465176,9356.672977324397,1166.422664433015,8.96689957627776,8.021683102216272,,0.036110802053164595,5.7368421052631575,9.052631578947368
5.7368421052631575,9.526315789473683,2844509.7789010075,1369479.553084136,10482.694965319168,9372.328226652497,1174.5117401605146,8.925151283618971,7.979765468646255,,0.03609458168164512,5.7368421052631575,9.526315789473683
5.7368421052631575,10.0,2859798.730130827,1368952.3326162978,10505.700030364254,9386.277520238447,1183.7850939103378,8.874668285998858,7.929038445004599,,0.036080134599801895,5.7368421052631575,10.0
6.2105263157894735,1.0,2739917.833892203,1384334.2951751258,9999.897882562502,8945.083604250833,1104.9529154422094,9.050066969197939,8.095443234946307,,0.036374168491913945,6.2105263157894735,1.0
6.2105263157894735,1.4736842105263157,2742293.42935114,1383311.4622101542,10028.219883602163,8971.907947926664,1106.8725617780517,9.059958869603822,8.10563768381287,,0.03634623092416515,6.2105263157894735,1.4736842105263157
6.2105263157894735,1.9473684210526314,2744821.7252932526,1382302.2316260848,10056.291465151802,8998.391540157256,1108.8769867760066,9.068897258288196,8.114869049920083,,0.036318667888125614,6.2105263157894735,1.9473684210526314
6.2105263157894735,2.4210526315789473,2747520.5560929333,1381306.8375647233,10084.116538978156,9024.527612795157,1110.9767712821742,9.076802323544635,8.123056976591853,,0.03629148565715335,6.2105263157894735,2.4210526315789473
6.2105263157894735,2.894736842105263,2750409.458578103,1380325.5700725773,10111.698518061115,9050.307922134138,1113.1834491774107,9.083586829765729,8.130113620375763,,0.03626469202847525,6.2105263157894735,2.894736842105263
6.2105263157894735,3.3684210526315788,2753622.4664301826,1379362.5126745952,10139.011362251375,9075.62446225296,1115.5772979984613,9.088578066658863,8.135361376155826,,0.03623839836358867,6.2105263157894735,3.3684210526315788
6.2105263157894735,3.8421052631578947,2756997.7447664435,1378411.8954360676,10166.105901907116,9100.62823721947,1118.060523466657,9.092625746579532,8.139656169061467,,0.036212447002077826,6.2105263157894735,3.8421052631578947
6.2105263157894735,4.315789473684211,2760646.3356512776,1377477.0374751948,10192.961879613867,9125.231335614983,1120.6994069829009,9.095179149826558,8.142443262445852,,0.036186928438215506,6.2105263157894735,4.315789473684211
6.2105263157894735,4.789473684210526,2764694.677539613,1376561.669070808,10219.557023310466,9149.334859510514,1123.5690189349534,9.095620163145586,8.143099983464563,,0.036161944353358906,6.2105263157894735,4.789473684210526
6.2105263157894735,5.263157894736842,2769065.7348254886,1375662.8584417847,10245.919403564303,9173.015156919646,1126.6223276225485,9.094369206392106,8.142049852923627,,0.036137414583621616,6.2105263157894735,5.263157894736842
6.2105263157894735,5.7368421052631575,2773933.7127616913,1374785.8072677532,10272.016505470616,9196.134478299738,1129.9623786093673,9.090582748526794,8.138443060040037,,0.03611348094006881,6.2105263157894735,5.7368421052631575
6.2105263157894735,6.2105263157894735,2779242.3861363954,1373928.2515973097,10297.871242147421,9218.751631289786,1133.5542220152915,9.084586376326428,8.132607556169841,,0.03609008148411754,6.2105263157894735,6.2105263157894735
6.2105263157894735,6.684210526315789,2785252.794758137,1373098.0079822636,10323.433413082443,9240.65952875358,1137.5515122010488,9.075134886074414,8.123288861771037,,0.03606742932489795,6.2105263157894735,6.684210526315789
6.2105263157894735,7.157894736842105,2791978.594127256,1372294.930195301,10348.711336076947,9261.860975267162,1141.9598167757702,9.06223772855308,8.11049639331204,,0.03604552027461849,6.2105263157894735,7.157894736842105
6.2105263157894735,7.63157894736842,2799454.769987448,1371519.5396379372,10373.708337955992,9282.341196464135,1146.7970076662234,9.04581043428679,8.094144939699538,,0.03602436836471918,6.2105263157894735,7.63157894736842
6.2105263157894735,8.105263157894736,2808186.8761023735,1370786.8755926576,10398.326785007663,9301.701581775884,1152.3578850264712,9.023522049982589,8.071886089070507,,0.03600438361421092,6.2105263157894735,8.105263157894736
6.2105263157894735,8.578947368421051,2818143.497802465,1370095.087253593,10422.588898182215,9319.989689000933,1158.6178299623311,8.99570904973996,8.044058573916425,,0.035985515269560474,6.2105263157894735,8.578947368421051
6.2105263157894735,9.052631578947368,2829617.914368386,1369452.2485214728,10446.44815149445,9336.990595167064,1165.7419029553225,8.961201553286545,8.009483549914828,,0.0359679832720724,6.2105263157894735,9.052631578947368
6.2105263157894735,9.526315789473683,2842892.240515507,1368865.847620731,10469.863212721393,9352.504658378697,1173.8853127805544,8.918983054589614,7.967136615948998,,0.035951991549469466,6.2105263157894735,9.526315789473683
6.2105263157894735,10.0,2858312.935423776,1368345.0520824865,10492.782202362067,9366.287608943576,1183.236668185336,8.86786429502245,7.915819261507615,,0.035937789795778316,6.2105263157894735,10.0
6.684210526315789,1.0,2737524.3086896883,1382353.3277660317,9981.11897291072,8919.800046607206,1104.4218725244007,9.037415159206022,8.076442769300673,,0.03619412106300089,6.684210526315789,1.0
6.684210526315789,1.4736842105263157,2739903.364624069,1381367.9418851,10009.492224089468,8946.676205336507,1106.3263230900716,9.04750435308457,8.086832988252159,,0.03616734008890127,6.684210526315789,1.4736842105263157
6.684210526315789,1.9473684210526314,2742880.5987861687,1381631.0265931413,10044.381585806244,8979.729798241253,1108.0533270785527,9.064890055687883,8.104059235052192,,0.036174489974927906,6.684210526315789,1.9473684210526314
6.684210526315789,2.4210526315789473,2745137.553312282,1379436.6893717907,10065.495142239204,8999.402817703833,1110.4011732855856,9.064737488034377,8.104640947987601,,0.03611486026364936,6.684210526315789,2.4210526315789473
6.684210526315789,2.894736842105263,2748030.2889495296,1378491.3363004976,10093.131888983593,9025.237872304866,1112.5938344190372,9.071712943882995,8.111889166649545,,0.03608917514691205,6.684210526315789,2.894736842105263
6.684210526315789,3.3684210526315788,2751247.1760233524,1377563.5254495232,10120.500170235531,9050.609687796097,1114.9740655458504,9.076892891926509,8.117327539242135,,0.036063969137797525,6.684210526315789,3.3684210526315788
6.684210526315789,3.8421052631578947,2754627.4544552346,1376647.728698874,10147.650920071479,9075.668696052222,1117.44465213344,9.081121736720874,8.121806014038222,,0.036039091934864556,6.684210526315789,3.8421052631578947
6.684210526315789,4.315789473684211,2758281.8827382256,1375747.1372893485,10174.563613729135,9100.326900164579,1120.0717443643855,9.083849909545716,8.124771422859881,,0.03601463011978142,6.684210526315789,4.315789473684211
6.684210526315789,4.789473684210526,2762337.836781722,1374865.3762793124,10201.215347137791,9124.48421310494,1122.9310220949076,9.084454117321204,8.125596348814522,,0.03599068202468936,6.684210526315789,4.789473684210526
6.684210526315789,5.263157894736842,2766717.7779342737,1373999.6069135712,10227.634503889883,9148.217562750091,1125.9751137577946,9.083357508459038,8.124706710629786,,0.03596717041865429,6.684210526315789,5.263157894736842
6.684210526315789,5.7368421052631575,2772011.7753412724,1374123.5633439657,10259.939851617932,9177.291984337406,1129.1547396072406,9.086389572421842,8.127576905473193,,0.03597053655855237,6.684210526315789,5.7368421052631575
6.684210526315789,6.2105263157894735,2777322.376839238,1373269.9321826561,10285.699122562759,9199.811865840986,1132.7474264351902,9.08031118193077,8.121679777100205,,0.03594735638639099,6.684210526315789,6.2105263157894735
6.684210526315789,6.684210526315789,2783341.0403002617,1372443.6939611365,10311.167411875325,9221.620068866154,1136.7495120133394,9.070747163649829,8.112270972110117,,0.03592492205028019,6.684210526315789,6.684210526315789
6.684210526315789,7.157894736842105,2790080.9769052034,1371644.68364502,10336.353223584043,9242.719884678787,1141.166276049695,9.057710029220948,8.099362975108011,,0.03590322887523972,6.684210526315789,7.157894736842105
6.684210526315789,7.63157894736842,2797681.291773387,1370876.6449249932,10361.237594756021,9263.011374108677,1146.077135248811,9.04061103400917,8.082362948544207,,0.03588237830321737,6.684210526315789,7.63157894736842
6.684210526315789,8.105263157894736,2806366.03444072,1370145.8296030352,10385.785048816499,9282.328108984208,1151.6104579553134,9.018487959250109,8.060302027358277,,0.03586253983259313,6.684210526315789,8.105263157894736
6.684210526315789,8.578947368421051,2816377.4819366704,1369458.8687716592,10409.958882059587,9300.493481620897,1157.9033720055556,8.990351987686966,8.032184469341258,,0.03584389321509222,6.684210526315789,8.578947368421051
6.684210526315789,9.052631578947368,2827924.568062744,1368821.1760242758,10433.731598634653,9317.362692810699,1165.0709874784313,8.955447102168794,7.997248916974845,,0.03582658512137048,6.684210526315789,9.052631578947368
6.684210526315789,9.526315789473683,2841290.6048764735,1368240.241724055,10457.062533087752,9332.736122084309,1173.269099314787,8.91275713235343,7.954471934473359,,0.03581081856377846,6.684210526315789,9.526315789473683
6.684210526315789,10.0,2856843.9966393695,1367725.8414959086,10479.896474178053,9346.353329678008,1182.6989001404115,8.861001285224724,7.902563643686823,,0.03579685854702182,6.684210526315789,10.0
7.157894736842105,1.0,2735373.8445308325,1380918.1356637052,9965.746558366951,8897.819974210102,1103.7985648472006,9.028591697568038,8.061090363386938,,0.03603092483068919,7.157894736842105,1.0
7.157894736842105,1.4736842105263157,2737744.2848916855,1379938.0691559308,9993.992588707808,8924.575442002366,1105.6950668604484,9.038651693622114,8.071461752418898,,0.03600441748506102,7.157894736842105,1.4736842105263157
7.157894736842105,1.9473684210526314,2740267.4855819093,1378971.0133236162,10021.991373485576,8950.9931627429,1107.676763187862,9.047758070362127,8.080871117113803,,0.03597826466895227,7.157894736842105,1.9473684210526314
7.157894736842105,2.4210526315789473,2742961.493893499,1378017.2081465342,10049.746680641112,8977.066055431706,1109.7543632517165,9.055829842555537,8.089236999373266,,0.035952472765828206,7.157894736842105,2.4210526315789473
7.157894736842105,2.894736842105263,2745846.0910061626,1377076.9385227528,10077.261739123012,9002.78556176054,1111.9395534705288,9.062778374661086,8.096470292527599,,0.0359270493724569,7.157894736842105,2.894736842105263
7.157894736842105,3.3684210526315788,2749054.976157009,1376154.1148130032,10104.510660562331,9028.044018055427,1114.3124649182157,9.067932899147769,8.101896283389449,,0.03590210009665125,7.157894736842105,3.3684210526315788
7.157894736842105,3.8421052631578947,2752428.3723436557,1375243.2653608166,10131.54346265067,9052.990359715302,1116.7764661599797,9.0721319526797,8.106358464773066,,0.03587747689358352,7.157894736842105,3.8421052631578947
7.157894736842105,4.315789473684211,2756076.7883932767,1374347.559058394,10158.34003993407,9077.537155733302,1119.3975599098878,9.074827749983502,8.109305827380979,,0.03585326532502259,7.157894736842105,4.315789473684211
7.157894736842105,4.789473684210526,2760128.6105110985,1373470.635457812,10184.877618414284,9101.58383121699,1122.2520355048234,9.075392421839371,8.110106770376959,,0.03582956364310981,7.157894736842105,4.789473684210526
7.157894736842105,5.263157894736842,2764505.778359198,1372609.6527166024,10211.184418321096,9125.207474830311,1125.2921999154323,9.07425148693689,8.109189307022733,,0.03580629490980956,7.157894736842105,5.263157894736842
7.157894736842105,5.7368421052631575,2769388.0279059843,1371769.7679185355,10237.226620420546,9148.265706584345,1128.624472591023,9.070533972135642,8.105677245844536,,0.03578359836558838,7.157894736842105,5.7368421052631575
7.157894736842105,6.2105263157894735,2774712.9949697,1370948.6203480621,10263.028467276434,9170.822408280406,1132.2101902099118,9.064596446860868,8.099929224784786,,0.035761410075118426,7.157894736842105,6.2105263157894735
7.157894736842105,6.684210526315789,2780754.937276368,1370154.1150440157,10288.536743329454,9192.659448931152,1136.2109733854388,9.055128831113,8.090627237599042,,0.035739943484920406,7.157894736842105,6.684210526315789
7.157894736842105,7.157894736842105,2787525.712326602,1369386.0451843862,10313.760189202767,9213.78123260004,1140.6312640702836,9.04215105624814,8.07779123966946,,0.03571919282964167,7.157894736842105,7.157894736842105
7.157894736842105,7.63157894736842,2795267.773872341,1368651.0976719232,10338.656915913183,9234.002559697201,1145.6116014523573,9.024574212417434,8.0603256356611,,0.03569933857514136,7.157894736842105,7.63157894736842
7.157894736842105,8.105263157894736,2804013.2075892086,1367949.537898831,10363.233077720497,9253.314833885775,1151.1666016811243,9.002374688934152,8.038206477127247,,0.035680387685441246,7.157894736842105,8.105263157894736
7.157894736842105,8.578947368421051,2814026.300364815,1367288.4539848794,10387.445594542067,9271.521524460204,1157.4467579219674,8.974447872825927,8.01032225543222,,0.03566253141141535,7.157894736842105,8.578947368421051
7.157894736842105,9.052631578947368,2825680.7027066424,1366677.9158314266,10411.231500058246,9288.343525490533,1164.6640434632693,8.93925725490691,7.975126885406817,,0.035646041495627015,7.157894736842105,9.052631578947368
7.157894736842105,9.526315789473683,2839177.974753913,1366122.6976021954,10434.566881089757,9303.647532863044,1172.9258454211097,8.896186337631162,7.931999767234051,,0.03563104661179933,7.157894736842105,9.526315789473683
7.157894736842105,10.0,2854916.4131888393,1365633.0588521454,10457.3894856018,9317.148743847254,1182.4504757960426,8.84382872657879,7.8795255569370175,,0.035617823561470835,7.157894736842105,10.0
7.63157894736842,1.0,2732774.5890449123,1378343.60691785,9943.555982003858,8869.306917506818,1103.3924823665263,9.01180327119611,8.038215829134678,,0.035838955138636705,7.63157894736842,1.0
7.63157894736842,1.4736842105263157,2735155.4267707276,1377420.4836333508,9971.95808555803,8896.215856454406,1105.2688378191906,9.022201426789278,8.048915840247117,,0.03581411008925624,7.63157894736842,1.4736842105263157
7.63157894736842,1.9473684210526314,2737689.019110136,1376509.5962902892,10000.113760924367,8922.787691867068,1107.2308399948756,9.031643086251687,8.058651700767623,,0.03578959664522975,7.63157894736842,1.9473684210526314
7.63157894736842,2.4210526315789473,2740790.1769844084,1376566.3312748508,10033.898822231198,8954.659325418752,1109.120712367981,9.046714852893468,8.073656208529806,,0.03579112340864107,7.63157894736842,2.4210526315789473
7.63157894736842,2.894736842105263,2743666.676003201,1375631.0865790886,10061.29259485847,8980.263716607757,1111.2984134209396,9.053637144937987,8.080875135026577,,0.03576595668647135,7.63157894736842,2.894736842105263
7.63157894736842,3.3684210526315788,2746867.625620268,1374713.1877516992,10088.422451282468,9005.409174195951,1113.6639994800253,9.058766787821819,8.086289202488917,,0.03574125905619351,7.63157894736842,3.3684210526315788
7.63157894736842,3.8421052631578947,2750234.1954937475,1373807.2291456754,10115.337638640516,9030.243219901498,1116.1213980333828,9.062936752636267,8.090735681452644,,0.03571688495924332,7.63157894736842,3.8421052631578947
7.63157894736842,4.315789473684211,2753876.6893577604,1372916.3521765894,10142.01839880204,9054.678936973965,1118.7364922537429,9.065600763921186,8.093665487511652,,0.03569291881262737,7.63157894736842,4.315789473684211
7.63157894736842,4.789473684210526,2757924.4889003662,1372044.2110939862,10168.442125754644,9078.615301964008,1121.5861697295925,9.06612652704713,8.094442983505054,,0.035669458798585546,7.63157894736842,4.789473684210526
7.63157894736842,5.263157894736842,2762298.9878062173,1371187.9606437061,10194.636863970585,9102.129566616737,1124.6224024135272,9.064942012618726,8.093498357388986,,0.035646428257586175,7.63157894736842,5.263157894736842
7.63157894736842,5.7368421052631575,2767182.791306064,1370352.82077084,10220.568689057098,9125.077500545489,1127.9533248237346,9.061162784066678,8.089942464570921,,0.035623967460514334,7.63157894736842,5.7368421052631575
7.63157894736842,6.2105263157894735,2772510.3860933827,1369536.345298291,10246.26232392513,9147.525395896,1131.5383800046175,9.055161101900334,8.084149470792738,,0.03560201048174801,7.63157894736842,6.2105263157894735
7.63157894736842,6.684210526315789,2778562.8183387015,1368746.604058566,10271.66387458247,9169.250341094894,1135.5432297155464,9.045594747771533,8.074769943713893,,0.035580774186677926,7.63157894736842,6.684210526315789
7.63157894736842,7.157894736842105,2785351.0418693204,1367983.3639571653,10296.782347984808,9190.257565588074,1139.9717438391833,9.03248909776257,8.061829264852857,,0.03556025213465003,7.63157894736842,7.157894736842105
7.63157894736842,7.63157894736842,2793128.524839393,1367253.60492113,10321.574268223489,9210.353663619446,1144.970946698493,9.014704083091015,8.044181112348191,,0.035540631814952504,7.63157894736842,7.63157894736842
7.63157894736842,8.105263157894736,2801912.963207087,1366557.1533733725,10346.0489905823,9229.542029948225,1150.5468668538208,8.992288179336535,8.02187402864038,,0.0355219083605954,7.63157894736842,8.105263157894736
7.63157894736842,8.578947368421051,2812087.2287043035,1365904.535088981,10370.139553088064,9247.531142429309,1156.91968275589,8.963577772646609,7.99323520920729,,0.035504364527760665,7.63157894736842,8.578947368421051
7.63157894736842,9.052631578947368,2823748.0881478568,1365297.6440122537,10393.841837108153,9264.267127029294,1164.138357125341,8.92835613008589,7.958046455840494,,0.03548805099010337,7.63157894736842,9.052631578947368
7.63157894736842,9.526315789473683,2837354.7182488586,1364748.7669714044,10417.078984545462,9279.409370560961,1172.4615285332034,8.884793855520059,7.914468103844632,,0.03547329776698006,7.63157894736842,9.526315789473683
7.63157894736842,10.0,2853250.9816677948,1364266.4912283947,10439.801583547352,9292.71899935314,1182.075085607237,8.831758414216456,7.861361018855608,,0.0354603353953815,7.63157894736842,10.0
8.105263157894736,1.0,2730227.3915452273,1375848.1138896246,9921.941406843025,8841.374597618977,1102.979863748405,8.995578009125166,8.015898465790793,,0.03565124081186665,8.105263157894736,1.0
8.105263157894736,1.4736842105263157,2732598.3304903638,1374932.01608661,9950.19947492012,8868.148241520978,1104.8453934633949,9.005965480589918,8.02659656635007,,0.03562670379281223,8.105263157894736,1.4736842105263157
8.105263157894736,1.9473684210526314,2735122.102151599,1374028.055119407,9978.213229762083,8894.58684741589,1106.796652042077,9.015398819062149,8.036333350850924,,0.03560249404686753,8.105263157894736,1.9473684210526314
8.105263157894736,2.4210526315789473,2737816.9900702564,1373136.4600945637,10005.986181216096,8920.682971646234,1108.8444916254984,9.023795723192826,8.045026186286101,,0.035578617621496895,8.105263157894736,2.4210526315789473
8.105263157894736,2.894736842105263,2740703.053510314,1372257.5077664342,10033.52134193259,8946.427666326494,1111.0007651945473,9.03106609487854,8.052584612540645,,0.035555081838952604,8.105263157894736,2.894736842105263
8.105263157894736,3.3684210526315788,2743913.870535065,1371394.8584260582,10060.792277014341,8971.712875020092,1113.3455619659765,9.036540514203619,8.058336226874244,,0.03553198460957124,8.105263157894736,3.3684210526315788
8.105263157894736,3.8421052631578947,2747291.492818989,1370543.4460489897,10087.84899258092,8996.686286831075,1115.7833004817462,9.041046759012643,8.063112508447384,,0.035509190196545456,8.105263157894736,3.8421052631578947
8.105263157894736,4.315789473684211,2750946.0786928027,1369706.2261464174,10114.671056526686,9021.26042576064,1118.3797957982595,9.044039506549915,8.066365701216542,,0.0354867776396821,8.105263157894736,4.315789473684211
8.105263157894736,4.789473684210526,2755008.623608979,1368886.68640454,10141.234515396058,9045.331997943265,1121.2129308711542,9.044878306493107,8.067452442699953,,0.03546484019841191,8.105263157894736,4.789473684210526
8.105263157894736,5.263157894736842,2759399.0049555576,1368082.103323257,10167.568286132922,9068.980019372302,1124.233742119023,9.043998507791166,8.06681002322395,,0.035443304862839003,8.105263157894736,5.263157894736842
8.105263157894736,5.7368421052631575,2764304.341927576,1367297.5204947388,10193.63611956778,9092.055262562195,1127.5531032383076,9.040493161955638,8.063527328735129,,0.03542230651644312,8.105263157894736,5.7368421052631575
8.105263157894736,6.2105263157894735,2769653.928631146,1366530.4848744082,10219.464346717235,9114.628772945965,1131.1273253014156,9.03476038296044,8.058004230882812,,0.0354017793884838,8.105263157894736,6.2105263157894735
8.105263157894736,6.684210526315789,2775738.5183364856,1365788.8714791413,10244.99495658664,9136.467733056657,1135.1279149721922,9.025410107051782,8.048844198568121,,0.03538193409565184,8.105263157894736,6.684210526315789
8.105263157894736,7.157894736842105,2782567.1813450847,1365072.398357867,10270.237310167278,9157.5789277489,1139.5575858062984,9.012477682644297,8.036082635762035,,0.03536276294272167,8.105263157894736,7.157894736842105
8.105263157894736,7.63157894736842,2790407.9833356612,1364388.0470713864,10295.143051215948,9177.7553754426,1144.5720216256634,8.994753372176184,8.018504036475758,,0.035344452576085254,8.105263157894736,7.63157894736842
8.105263157894736,8.105263157894736,2799258.3217050103,1363735.0731931801,10319.725979360173,9197.017279551783,1150.1651487006072,8.97238626211099,7.996258006897586,,0.035326982903753086,8.105263157894736,8.105263157894736
8.105263157894736,8.578947368421051,2809533.5788015192,1363124.2824941534,10343.909530585472,9215.04420976411,1156.5763180244696,8.943559857989955,7.967519363965697,,0.03531064283198989,8.105263157894736,8.578947368421051
8.105263157894736,9.052631578947368,2821905.4829971055,1363887.648740083,10376.339868487235,9240.058107326964,1163.6746274276359,8.916873861402893,7.9404138317878425,,0.03533106481008564,8.105263157894736,9.052631578947368
8.105263157894736,9.526315789473683,2835193.8872907814,1362048.412736621,10390.967344774694,9246.819589764404,1172.307178525866,8.863689939902066,7.8877104560529485,,0.035281863237840744,8.105263157894736,9.526315789473683
8.105263157894736,10.0,2851271.8580814316,1361599.9349130807,10413.73357019506,9260.073520728798,1182.0064211573763,8.810217426736415,7.834198998396034,,0.03526986733668882,8.105263157894736,10.0
8.578947368421051,1.0,2727021.2611707076,1371685.3960814262,9890.326425834523,8803.85361920503,1102.881152693821,8.967717329901864,7.98259504000168,,0.03542114841150389,8.578947368421051,1.0
8.578947368421051,1.4736842105263157,2729409.6272827405,1370851.1101788208,9918.84974695721,8830.887769224044,1104.7182697504018,8.978623798082255,7.99379173046471,,0.03539891266315357,8.578947368421051,1.4736842105263157
8.578947368421051,1.9473684210526314,2731950.8012886057,1370027.8060557249,9947.12894410856,8857.586928787256,1106.6417170941804,8.988572173320673,8.004024059426845,,0.035376971381774036,8.578947368421051,1.9473684210526314
8.578947368421051,2.4210526315789473,2734663.2145283613,1369215.694973835,9975.167373131431,8883.943420127523,1108.6624365241448,8.997479344935115,8.013208644445713,,0.0353553301265366,8.578947368421051,2.4210526315789473
8.578947368421051,2.894736842105263,2737567.076822751,1368415.0401822627,10002.967684830372,8909.947840755105,1110.7923700976191,9.005254225820156,8.02125408907164,,0.03533399584098094,8.578947368421051,2.894736842105263
8.578947368421051,3.3684210526315788,2740796.0110058407,1367629.1836600867,10030.501908029883,8935.490658575342,1113.1116836384765,9.011226865612214,8.027487977996525,,0.03531305749382841,8.578947368421051,3.3684210526315788
8.578947368421051,3.8421052631578947,2744192.871579615,1366853.5269516027,10057.821535155519,8960.720450587847,1115.5252072204364,9.016220763147683,8.032736860259169,,0.03529239248719902,8.578947368421051,3.8421052631578947
8.578947368421051,4.315789473684211,2747867.754792282,1366090.7689033654,10084.904860301029,8985.548569925852,1118.0987564716336,9.019690614920101,8.036453415153957,,0.03527207265386514,8.578947368421051,4.315789473684211
8.578947368421051,4.789473684210526,2751953.395187379,1365344.1394809184,10111.726054846697,9009.868859231314,1120.911309763366,9.020986733536812,8.037985504074692,,0.03525218395368399,8.578947368421051,4.789473684210526
8.578947368421051,5.263157894736842,2756771.43283057,1365569.5205276173,10144.356221418044,9039.55853452937,1123.7577233302015,9.027173750010578,8.04404574656989,,0.03525818749668854,8.578947368421051,5.263157894736842
8.578947368421051,5.7368421052631575,2761679.7380857603,1364791.209279344,10170.296938639967,9062.508043719778,1127.0738238206131,9.023629795752127,8.040740413080679,,0.03523745594533397,8.578947368421051,5.7368421052631575
8.578947368421051,6.2105263157894735,2767033.147299702,1364030.334905756,10196.000482172483,9084.957842246553,1130.645222435458,9.017860138487883,8.035197657030883,,0.03521719037782575,8.578947368421051,6.2105263157894735
8.578947368421051,6.684210526315789,2773131.7209612764,1363294.9774099858,10221.407622557705,9106.668359141533,1134.6488812128378,9.008432292844583,8.025979234569308,,0.03519760587446607,8.578947368421051,6.684210526315789
8.578947368421051,7.157894736842105,2779982.9073811653,1362584.8118206407,10246.528170124899,9127.64783238268,1139.0865029951067,8.995390730363974,8.013129651156872,,0.03517869363474682,8.578947368421051,7.157894736842105
8.578947368421051,7.63157894736842,2787868.9789721514,1361907.154765251,10271.311495237362,9147.678600053157,1144.1220626845816,8.977461260677584,7.995369461357066,,0.03516064834639561,8.578947368421051,7.63157894736842
8.578947368421051,8.105263157894736,2796768.2903431626,1361260.7346241039,10295.775630533779,9166.79665690957,1149.7381246328557,8.954887560870885,7.972943108098455,,0.035143435978655255,8.578947368421051,8.105263157894736
8.578947368421051,8.578947368421051,2807127.672089751,1360657.140235527,10319.838592766133,9184.657497495884,1156.192366444566,8.925710714127018,7.943883530160156,,0.03512736492406956,8.578947368421051,8.578947368421051
8.578947368421051,9.052631578947368,2819116.194610954,1360100.069014115,10343.48129433099,9201.14971460237,1163.57555834319,8.88939374857532,7.907651246734544,,0.035112533418179055,8.578947368421051,9.052631578947368
8.578947368421051,9.526315789473683,2833074.118598203,1359597.7094446793,10366.650420297794,9216.028757317503,1172.0755161151894,8.84469496868065,7.862999124718316,,0.03509915925254337,8.578947368421051,9.526315789473683
8.578947368421051,10.0,2849351.1403469476,1359158.2332262527,10389.294436478334,9229.050532782237,1181.8813621376398,8.79047150526807,7.8087791452179935,,0.035087459750244986,8.578947368421051,10.0
9.052631578947368,1.0,2723433.255411443,1366322.4992509796,9851.511936291665,8759.392715787833,1103.0581038900136,8.931090666529352,7.9410075361372225,,0.035161659577747834,9.052631578947368,1.0
9.052631578947368,1.4736842105263157,2725852.6795213744,1365594.9778995118,9880.417880653758,8786.797786201834,1104.863231111673,8.94266150092844,7.952837544752828,,0.03514236577534372,9.052631578947368,1.4736842105263157
9.052631578947368,1.9473684210526314,2728330.1771776103,1364874.5458115565,9909.107613566488,8813.953892100257,1106.698183063925,8.953757912688395,7.964189358022237,,0.03512326130078367,9.052631578947368,1.9473684210526314
9.052631578947368,2.4210526315789473,2731067.7154807877,1364165.876617695,9937.528197679809,8840.684120820022,1108.6849749203527,8.963347048510073,7.974027177066355,,0.035104470038460824,9.052631578947368,2.4210526315789473
9.052631578947368,2.894736842105263,2733996.967263445,1363467.0369176373,9965.709176110791,8867.060493017381,1110.7819364411585,8.971796217752688,7.982719381831698,,0.03508594066377582,9.052631578947368,2.894736842105263
9.052631578947368,3.3684210526315788,2737616.2638783734,1363659.2296412569,9999.058827235023,8898.191602203193,1112.920072745305,8.9845255486944,7.995355479799644,,0.03509103643147599,9.052631578947368,3.3684210526315788
9.052631578947368,3.8421052631578947,2741004.5593019268,1362893.2827040667,10026.226548599472,8923.279694962268,1115.320156159234,8.989550214107338,8.000644160947354,,0.035070728791469066,9.052631578947368,3.8421052631578947
9.052631578947368,4.315789473684211,2744672.243536538,1362140.1169714099,10053.160167078413,8947.967615002159,1117.8809975125857,8.993050413637816,8.0044008574369,,0.0350507614708295,9.052631578947368,4.315789473684211
9.052631578947368,4.789473684210526,2748754.2627624515,1361402.982538028,10079.833672711056,8972.147772576409,1120.6828146063617,8.994368023972585,8.005965341520708,,0.035031220551212744,9.052631578947368,4.789473684210526
9.052631578947368,5.263157894736842,2753166.4224533765,1360679.3179226643,10106.277558590104,8995.9031352257,1123.674202822568,8.993957085785228,8.005793060505265,,0.03501203804688911,9.052631578947368,5.263157894736842
9.052631578947368,5.7368421052631575,2758106.819442476,1359973.9608340615,10132.451315329017,9019.073780205053,1126.972548798363,8.990859028583053,8.002922333664348,,0.034993342106045267,9.052631578947368,5.7368421052631575
9.052631578947368,6.2105263157894735,2763492.242773285,1359284.3750341772,10158.384851036255,9041.741850095836,1130.52667743414,8.985533073922566,7.997813789425213,,0.03497506541263665,9.052631578947368,6.2105263157894735
9.052631578947368,6.684210526315789,2769636.2825253233,1358618.2510117965,10184.01231509238,9063.653238640552,1134.5216221725027,8.97648146677976,7.988964742059745,,0.03495741169195137,9.052631578947368,6.684210526315789
9.052631578947368,7.157894736842105,2776639.00669377,1357977.6450759417,10209.32192858805,9084.738719011873,1139.0139674876143,8.963298273775617,7.975967791730053,,0.03494043531669959,9.052631578947368,7.157894736842105
9.052631578947368,7.63157894736842,2784515.2522907862,1357362.4045090294,10234.322358902748,9105.001739737592,1144.0089929512624,8.946015653688795,7.958855040334012,,0.034924132115842534,9.052631578947368,7.63157894736842
9.052631578947368,8.105263157894736,2793502.597305323,1356777.962246537,10258.971522132158,9124.261697329566,1149.6429400717332,8.923615467505101,7.936604818153581,,0.03490864592520477,9.052631578947368,8.105263157894736
9.052631578947368,8.578947368421051,2803995.2191099543,1356233.4934225858,10283.19511031661,9142.214239949433,1156.142006730738,8.894404883181046,7.907518442134268,,0.034894219705351136,9.052631578947368,8.578947368421051
9.052631578947368,9.052631578947368,2816239.8867303175,1355734.2611895206,10306.955481491916,9158.683592705256,1163.6421174058953,8.857496069727338,7.87070479463453,,0.03488099273263038,9.052631578947368,9.052631578947368
9.052631578947368,9.526315789473683,2830422.6238206173,1355283.8644399182,10330.230249253676,9173.548768341305,1172.240361265459,8.812382332665946,7.825655105782452,,0.03486906018017142,9.052631578947368,9.526315789473683
9.052631578947368,10.0,2846901.0780397886,1354889.941724902,10352.961520413699,9186.555383053706,1182.1300251401988,8.757887288402014,7.77118860673909,,0.034858624239972144,9.052631578947368,10.0
9.526315789473683,1.0,2718974.025852465,1358968.7057821667,9800.797992186175,8703.597548992808,1103.5407126224118,8.881229192619395,7.886974580493648,,0.034852316858039606,9.526315789473683,1.0
9.526315789473683,1.4736842105263157,2721423.6949587935,1358370.6110051745,9830.172778246562,8731.461984330548,1105.3019743710422,8.893653504817355,7.899616744373477,,0.034836536161223036,9.526315789473683,1.4736842105263157
9.526315789473683,1.9473684210526314,2724026.300396933,1357779.9235027665,9859.30128556305,8758.98892257305,1107.1513688981227,8.90510689191071,7.911284011047481,,0.03482095177256367,9.526315789473683,1.9473684210526314
9.526315789473683,2.4210526315789473,2726800.6535251723,1357196.8205763048,9888.185892616297,8786.169515101228,1109.1000480532286,8.915503979981558,7.921890843412493,,0.03480556833689961,9.526315789473683,2.4210526315789473
9.526315789473683,2.894736842105263,2729669.4535543523,1356619.5774199038,9916.85880263946,8813.083618659106,1111.1010814884953,8.925253487607321,7.931846854880736,,0.034790340321112966,9.526315789473683,2.894736842105263
9.526315789473683,3.3684210526315788,2732955.569759407,1356054.383467838,9945.227995595758,8839.442082667729,1113.3490008482572,8.932713810331279,7.939506907477337,,0.03477543096781098,9.526315789473683,3.3684210526315788
9.526315789473683,3.8421052631578947,2736412.015153667,1355496.142370019,9973.378830501468,8865.481983085074,1115.694227555107,8.939168621815654,7.946157436444373,,0.03476070579939074,9.526315789473683,3.8421052631578947
9.526315789473683,4.315789473684211,2740442.6054821787,1355651.7607014265,10005.68746267375,8895.33217090798,1118.0873573528893,8.948931760003585,7.955847199603426,,0.0347648105902605,9.526315789473683,4.315789473684211
9.526315789473683,4.789473684210526,2744557.0444022957,1355014.3967573468,10032.713667445347,8919.854565926598,1120.8586844427448,8.950917548034427,7.958054560964807,,0.0347479990315144,9.526315789473683,4.789473684210526
9.526315789473683,5.263157894736842,2749002.44171463,1354388.5724985176,10059.506639492876,8943.948155713826,1123.8207648958803,8.951166372535276,7.958518328803494,,0.034731492827232376,9.526315789473683,5.263157894736842
9.526315789473683,5.7368421052631575,2753985.2692659777,1353778.6789960605,10086.020487427211,8967.442819858568,1127.095983083722,8.948679295113777,7.956237050303155,,0.0347154077288179,9.526315789473683,5.7368421052631575
9.526315789473683,6.2105263157894735,2759509.491392648,1353184.4688813232,10112.264145454508,8990.346862487053,1130.6850734898514,8.943484249104905,7.951238654578159,,0.034699737140659756,9.526315789473683,6.2105263157894735
9.526315789473683,6.684210526315789,2765614.504252694,1352606.4955834309,10138.23717745199,9012.637965375323,1134.6096764583826,8.935440431900687,7.943381898088285,,0.034684495587062054,9.526315789473683,6.684210526315789
9.526315789473683,7.157894736842105,2772703.2758747563,1352053.31261889,10163.848694135157,9033.984683212984,1139.1067620246856,8.922648019461846,7.930762053554738,,0.03466990854264926,9.526315789473683,7.157894736842105
9.526315789473683,7.63157894736842,2780668.782688578,1351522.0760189306,10189.138426536352,9054.495305155076,1144.1089609475293,8.905741301158852,7.914014848425202,,0.03465590091825661,9.526315789473683,7.63157894736842
9.526315789473683,8.105263157894736,2789870.555719793,1351020.167769629,10214.031064506933,9073.883279049089,1149.8244112323596,8.883122470464627,7.891538212624896,,0.03464266726156831,9.526315789473683,8.105263157894736
9.526315789473683,8.578947368421051,2800509.177363421,1350551.327465263,10238.493487057465,9092.002317014567,1156.3647086886913,8.85403489930771,7.862573328897963,,0.03463030605781034,9.526315789473683,8.578947368421051
9.526315789473683,9.052631578947368,2812897.2818203946,1350121.582279055,10262.467962636743,9108.61737368621,1163.9046429123878,8.81727556044232,7.8259137715046085,,0.03461897609181451,9.526315789473683,9.052631578947368
9.526315789473683,9.526315789473683,2827392.5130607323,1349737.7420747746,10285.889469438695,9123.463521380809,1172.6412366878637,8.771557018147584,7.780268368482519,,0.03460885676709982,9.526315789473683,9.526315789473683
9.526315789473683,10.0,2844201.852278066,1349403.187705796,10308.730682539286,9136.407807128111,1182.6787025568892,8.716425399605448,7.725181646862903,,0.03460003707970362,9.526315789473683,10.0
10.0,1.0,2713467.8104512827,1348935.3421101016,9733.970264414937,8632.385562360845,1104.495013281377,8.813050441482751,7.815685411484688,,0.03447576887836016,10.0,1.0
10.0,1.4736842105263157,2715948.0202013627,1348480.7294091277,9763.827815498002,8660.72482096909,1106.2047031229267,8.826420451778715,7.829224370967684,,0.03446383700081619,10.0,1.4736842105263157
10.0,1.9473684210526314,2718581.1410999857,1348031.3516151893,9793.43776849317,8688.725276084731,1108.0034071268976,8.838815571775173,7.841785702279548,,0.03445204300939533,10.0,1.9473684210526314
10.0,2.4210526315789473,2721386.20444056,1347587.358510788,9822.802026596142,8716.377504981607,1109.9023876772696,8.85014946868675,7.853282956911793,,0.03444039081781689,10.0,2.4210526315789473
10.0,2.894736842105263,2724384.1081604,1347148.9274023566,9851.9217720793,8743.670294741076,1111.9139671910843,8.860327383931702,7.863621244752707,,0.034428885061667164,10.0,2.894736842105263
10.0,3.3684210526315788,2727612.647284609,1346716.4958876434,9880.79279540941,8770.576822200941,1114.0605674377668,8.869170208702648,7.8726211828612085,,0.034417537206429656,10.0,3.3684210526315788
10.0,3.8421052631578947,2731103.0446253195,1346290.3849021394,9909.413289266979,8797.076815320732,1116.3605245662047,8.876535018216966,7.880139633868816,,0.03440635565475212,10.0,3.8421052631578947
10.0,4.315789473684211,2734875.634939656,1345870.7573279396,9937.785109364126,8823.16039810419,1118.8254987990947,8.882336986447816,7.886091626955802,,0.03439534466102234,10.0,4.315789473684211
10.0,4.789473684210526,2739072.9461298203,1345459.5817486106,9965.871881063322,8848.7055006875,1121.5403549943765,8.885878993728488,7.88977896451338,,0.034384555858034085,10.0,4.789473684210526
10.0,5.263157894736842,2743601.154850542,1345055.3063121764,9993.71228067535,8873.80874317494,1124.4478043587355,8.887662230239929,7.891703562208128,,0.0343739485039687,10.0,5.263157894736842
10.0,5.7368421052631575,2748992.3509790427,1345415.4539298837,10026.017930889637,8902.850190982734,1127.5603024996633,8.891779808727907,7.895675443030589,,0.03438339801591814,10.0,5.7368421052631575
10.0,6.2105263157894735,2754579.3811670328,1344933.9730522062,10052.662602019234,8926.130661580979,1131.1273180718879,8.887295392312632,7.891358045172494,,0.034370765046062624,10.0,6.2105263157894735
10.0,6.684210526315789,2760847.406410099,1344467.2817138708,10078.999718678258,8948.70171391126,1135.0899812910832,8.879472010856903,7.883693681916525,,0.03435852065252946,10.0,6.684210526315789
10.0,7.157894736842105,2767940.713580088,1344017.6843064718,10105.001118232027,8970.451164009984,1139.531341343543,8.867681608754976,7.872053043695614,,0.034346725240993414,10.0,7.157894736842105
10.0,7.63157894736842,2776016.9622459277,1343587.6659018672,10130.636732911578,8991.258036496907,1144.5412573669555,8.851263917053851,7.855774511074866,,0.03433544394907112,10.0,7.63157894736842
10.0,8.105263157894736,2785385.9156600186,1343182.3461626098,10155.838327521518,9010.873800733056,1150.2978660329225,8.828876960840029,7.833513446225203,,0.034324811019748915,10.0,8.105263157894736
10.0,8.578947368421051,2796232.7755165035,1342804.5116607952,10180.57346810359,9029.162754176185,1156.903259871009,8.79984854501896,7.804596172702381,,0.034314899478215775,10.0,8.578947368421051
10.0,9.052631578947368,2808873.131561159,1342459.147704496,10204.778091016358,9045.882735285892,1164.5334340418162,8.762975619856633,7.7678171110036764,,0.03430584002016977,10.0,9.052631578947368
10.0,9.526315789473683,2823724.6997355493,1342152.861387927,10228.365568142017,9060.71300463395,1173.4197134540218,8.716715298769177,7.721630121555799,,0.034297805871893114,10.0,9.526315789473683
10.0,10.0,2840944.3180719973,1341887.540923893,10251.318273178957,9073.561310308536,1183.6359257397685,8.660871176896661,7.665838044445627,,0.03429084647460303,10.0,10.0
