DSH[K],charge[kg],P_cond,P_eva,Q_cond,Q_eva,W_comp,COP_H,COP_R,mtot,mdot,DSH,DSC
1.0,0.1,,,,,,,,,,,
1.0,0.12105263157894737,,,,,,,,,,,
1.0,0.14210526315789473,,,,,,,,,,,
1.0,0.1631578947368421,2335397.7436391674,1634680.8766307626,2630.436278808598,1799.444329517224,2924.310859726616,0.8995063811562458,0.6153396187454052,0.16315789473067954,0.045248470205442884,1.0,0.0
1.0,0.1842105263157895,2489373.3119707,1498118.3228974463,4688.742272918517,3617.551800125109,1408.4396791098263,3.329033072883842,2.568481883733568,0.18421052631575724,0.04119606668590541,1.0,0.0
1.0,0.20526315789473684,2589540.645530626,1415061.1381498007,5976.006382263187,4776.136108406258,2970.2343401288767,2.011964612194165,1.6079997607862229,0.20526315783547758,0.038770362561477575,1.0,0.0
1.0,0.22631578947368422,2659828.5149702597,1359823.6564223883,6853.520986235106,5575.1282349409585,1369.1077108372422,5.005830390104233,4.072088843566321,0.22631578947341396,0.037172625267229184,1.0,0.0
1.0,0.24736842105263157,2711350.7697885414,1320831.5604620704,7484.198598205718,6153.871517358599,3164.404324041041,2.365120835332499,1.9447172002027595,0.24736842105264617,0.03605178025235797,1.0,0.0
1.0,0.26842105263157895,2750252.3693627985,1292185.826539294,7953.820770407487,6587.240078317352,1492.0602895901438,5.33076366008798,4.414861868702912,0.26842105259792476,0.035231986814736806,1.0,5.684341886080802e-14
1.0,0.2894736842105263,2780303.349141958,1270525.111814201,8312.595964559961,6919.728303769139,1506.7351068844346,5.516959103547012,4.592531409238529,0.28947368420219177,0.03461450163301316,1.0,0.0
1.0,0.31052631578947365,2803954.0826845868,1253793.0760152393,8592.061478866033,7179.474413712388,1530.8582501441065,5.612578093404288,4.6898361837463085,0.310526315783985,0.03413849576435897,1.0,0.0
1.0,0.3315789473684211,2822793.1343297185,1240653.442376243,8812.964884944487,7385.274545791944,1549.4334966972501,5.687862630909991,4.766435320737733,0.3315789488870088,0.03376540513566509,1.0,0.0
1.0,0.3526315789473684,2837846.555854538,1230203.898383987,8989.496741183188,7550.10693322008,1563.902483377721,5.748118464373589,4.8277351135815945,0.3526315778100494,0.0334691426306921,1.0,0.0
1.0,0.37368421052631584,2850099.796314713,1221806.4039647772,9131.997033157553,7683.329968498626,2565.9651526733596,3.558893628638468,2.99432358249048,0.37368421052707473,0.033231341307228136,1.0,0.0
1.0,0.39473684210526316,2860275.4278735016,1215044.4840402436,9247.301029003323,7791.103430401832,2117.725479978059,4.366619335901428,3.6789959341106635,0.39473684206759024,0.033040036580610874,1.0,0.4046835588638942
1.0,0.4157894736842105,2870819.215989044,1209609.7936318803,9341.812912733085,7878.048445996984,1816.4666271890476,5.142848634213219,4.3370179931068344,0.41578947436358177,0.03288639607159614,1.0,2.2676237139062323
1.0,0.4368421052631579,2882261.582123764,1205129.6140904515,9421.727633431194,7949.942804273032,1657.2970606484648,5.684996285303658,4.796932905415514,0.436842105405059,0.032759815919129825,1.0,3.891877699293161
1.0,0.45789473684210524,2894573.560174651,1201410.30883064,9490.044196792247,8009.779143107003,1612.8549763914048,5.884003419839541,4.966211631146186,0.4578947325712566,0.03265478458122962,1.0,5.313797664504023
1.0,0.4789473684210527,2907853.290477526,1198360.9477933436,9548.200479070989,8058.940837080966,1622.2794450421616,5.88566939453692,4.9676650109263525,0.4789473695835644,0.03256892656991793,1.0,6.546403470347116
1.0,0.5,2921895.459612969,1195845.6387598969,9598.255418959623,8099.562882995009,1632.3868390714536,5.879890225296949,4.961791340833318,0.5000000000018177,0.032497965113612956,1.0,7.622451916663863
1.4736842105263157,0.1,,,,,,,,,,,
1.4736842105263157,0.12105263157894737,,,,,,,,,,,
1.4736842105263157,0.14210526315789473,,,,,,,,,,,
1.4736842105263157,0.1631578947368421,2337764.74372106,1628859.4810596567,2694.0474410981683,1851.2158060805623,1980.282295718262,1.3604360584969117,0.934824196571991,0.16315789474001044,0.04488477381788539,1.4736842105263157,0.0
1.4736842105263157,0.1842105263157895,2489950.9227884687,1495094.4646692537,4721.320182780753,3642.9083140644343,1253.3666937516946,3.7669105189387597,2.906498419197769,0.18421052631577803,0.04094213082617309,1.4736842105263157,0.0
1.4736842105263157,0.20526315789473684,2589214.020565802,1413797.77633535,5994.392476336015,4789.209105678164,2333.3792592981995,2.5689747830101664,2.0524777901379796,0.20526315789790833,0.03858212539513083,1.4736842105263157,0.0
1.4736842105263157,0.22631578947368422,2659072.5467210906,1358999.886926987,6865.43251665424,5582.295915650608,1369.1313697917797,5.014443951933078,4.07725367982736,0.2263157899935593,0.037006036872458,1.4736842105263157,0.0
1.4736842105263157,0.24736842105263157,2710311.1844052337,1320285.1486290137,7491.898289859788,6157.147934861407,2456.8720627123625,3.0493644351952156,2.506092208995195,0.2473684210526346,0.03589933424414911,1.4736842105263157,5.684341886080802e-14
1.4736842105263157,0.26842105263157895,2749014.525050152,1291828.1937185188,7958.585716107323,6587.776471076486,1484.6218470858914,5.360682069800422,4.43734307426998,0.26842105260737237,0.03508937890471285,1.4736842105263157,0.0
1.4736842105263157,0.2894736842105263,2778920.4373248257,1270304.3268863927,8315.214506149498,6918.223403141559,1505.9991254033769,5.521393980838,4.593776507863865,0.2894736827243761,0.03447891540006257,1.4736842105263157,0.0
1.4736842105263157,0.31052631578947365,2802445.529917141,1253673.9175086736,8593.038767878252,7176.420735964207,1530.0074697005343,5.616337787919527,4.690448169752292,0.310526315788465,0.03400827817727142,1.4736842105263157,0.0
1.4736842105263157,0.3315789473684211,2821185.6159970234,1240612.2593583264,8812.666143617798,7381.011713550996,1548.4992202630813,5.69110144086516,4.766558237140735,0.331578946516266,0.03363932880002628,1.4736842105263157,0.0
1.4736842105263157,0.3526315789473684,2836262.458196379,1230221.85135353,8988.290291211893,7544.914318733173,1562.9780869378721,5.750746198125793,4.827268137530249,0.3526315789235539,0.033346264555784745,1.4736842105263157,0.0
1.4736842105263157,0.37368421052631584,2848366.6919248723,1221875.0303062706,9129.886837325572,7677.3314739396965,2211.0384170905236,4.129230304980169,3.472274119977615,0.3736842105270841,0.03311111343710744,1.4736842105263157,0.0
1.4736842105263157,0.39473684210526316,2858499.779731047,1215152.6675822986,9244.532814593062,7784.46990308431,1961.8937327231756,4.712045642635972,3.9678346350998326,0.3947368419470715,0.032921902044938806,1.4736842105263157,0.4353646050656721
1.4736842105263157,0.4157894736842105,2869036.107203875,1209751.7203976086,9338.50115311644,7870.869444775416,1764.1487356771797,5.2934885615139455,4.461567942429827,0.4157894740628835,0.0327699953329672,1.4736842105263157,2.2947623074638273
1.4736842105263157,0.4368421052631579,2880469.263633298,1205301.4365038553,9417.931595228143,7942.277976881214,1648.0824279823692,5.71447849653846,4.819102395627374,0.43684210531325846,0.032644900554934846,1.4736842105263157,3.914996957010487
1.4736842105263157,0.45789473684210524,2892784.270126573,1201631.9807460727,9485.449277910264,8001.305814508083,1612.2550057888832,5.883343046758905,4.962804138166103,0.45789473581682566,0.032541803843004126,1.4736842105263157,5.3249250439402545
1.4736842105263157,0.4789473684210527,2906024.0359196546,1198584.0111439566,9543.573083779922,8050.43880173674,1621.188925470562,5.886774165453807,4.965762271907971,0.47894737118650893,0.032456312227612305,1.4736842105263157,6.560731513632106
1.4736842105263157,0.5,2920174.8979289806,1196089.0448228016,9593.377105071118,8090.72692512669,1631.3743257122742,5.880549273007931,4.959454612965175,0.5000000000001378,0.03238627581805684,1.4736842105263157,7.634426292980095
1.9473684210526314,0.1,,,,,,,,,,,
1.9473684210526314,0.12105263157894737,,,,,,,,,,,
1.9473684210526314,0.14210526315789473,,,,,,,,,,,
1.9473684210526314,0.1631578947368421,2340379.442999768,1622174.6078500797,2760.7059098650666,1905.194869641147,1339.6952396420995,2.060696961648226,1.422110651188192,0.16315789475998566,0.044500951214371205,1.9473684210526314,0.0
1.9473684210526314,0.1842105263157895,2490357.0151373185,1492595.3728600123,4751.601937139696,3666.429872275843,1173.3429586497994,4.049627521187416,3.1247725528560832,0.18421052637156482,0.04070700414614918,1.9473684210526314,0.0
1.9473684210526314,0.20526315789473684,2588993.121646314,1411525.1473631172,6013.9093843199635,4802.922418742272,1770.3653909893253,3.396987658552926,2.712955440265513,0.20526315789419966,0.03836757721471786,1.9473684210526314,0.0
1.9473684210526314,0.22631578947368422,2658313.4031518204,1358195.2090013658,6877.0541395871915,5589.201370347403,1369.1350317661193,5.022918835636042,4.082286436815219,0.22631578944561082,0.03684234665838444,1.9473684210526314,0.0
1.9473684210526314,0.24736842105263157,2709273.9591404614,1319751.7918193694,7499.3988094283295,6160.244065996431,1846.854079203457,4.060634185383394,3.335533724815621,0.2473684218854091,0.03574937891440286,1.9473684210526314,0.0
1.9473684210526314,0.26842105263157895,2747782.5408035237,1291479.8506982117,7963.210123953249,6588.185684749657,1478.5689474286387,5.385755015213847,4.455785234910479,0.2684210526133372,0.03494899031829254,1.9473684210526314,0.0
1.9473684210526314,0.2894736842105263,2777618.6273292475,1270087.3974201824,8317.824594735423,6916.673051485742,1505.313005345216,5.525644543825543,4.5948404264929135,0.28947368419552755,0.03434533466092816,1.9473684210526314,0.0
1.9473684210526314,0.31052631578947365,2800947.875445767,1253559.1777308623,8593.946864667074,7173.312087852291,1529.154556074354,5.620064257421732,4.691031432602614,0.3105263157885425,0.03387999726585983,1.9473684210526314,5.684341886080802e-14
1.9473684210526314,0.3315789473684211,2819590.629140633,1240574.126679387,8812.320863779963,7376.71491836493,1547.5641787880738,5.694316904311559,4.766661712305703,0.33157894650853564,0.03351508494482777,1.9473684210526314,0.0
1.9473684210526314,0.3526315789473684,2834589.3914993117,1230243.8442901035,8986.9504634521,7539.671848105393,1561.981273847979,5.75355839018001,4.826992470614726,0.3526315771679217,0.03322519551245884,1.9473684210526314,0.0
1.9473684210526314,0.37368421052631584,2846647.9914055825,1221944.8434735928,9127.761252862249,7671.328320947483,1863.447700402995,4.898318987373915,4.1167392673743715,0.37368421052680484,0.032992572776347436,1.9473684210526314,0.0
1.9473684210526314,0.39473684210526316,2856739.1414122847,1215261.4070619708,9241.759949512138,7777.841850295473,1787.5495230594215,5.170072118446659,4.351119647294338,0.39473684177614976,0.0328054038825348,1.9473684210526314,0.46550829461182275
1.9473684210526314,0.4157894736842105,2867267.8646645583,1209893.7280158803,9335.192519213555,7863.703638258742,1696.2530279622986,5.503419811387386,4.635926072718865,0.41578947327520077,0.03265519056496533,1.9473684210526314,2.321382246737585
1.9473684210526314,0.4368421052631579,2878691.6750820046,1205472.914461364,9414.145650595943,7934.633310319105,1632.5287197368027,5.766603390667269,4.860333061459605,0.43684210529554607,0.03253154640518842,1.9473684210526314,3.937625060422704
1.9473684210526314,0.45789473684210524,2890995.635241979,1201829.5430848938,9481.238835464956,7993.235571943363,1611.3706571774483,5.883958971967837,4.960519503280943,0.45789473685665255,0.03242969414196975,1.9473684210526314,5.343334778673011
1.9473684210526314,0.4789473684210527,2904210.0570552596,1198805.5548890026,9538.970208162067,8041.976209433185,1620.0992806089532,5.8878923793957965,4.963878637369937,0.47894736499497864,0.03234523440448165,1.9473684210526314,6.574644922140749
1.9473684210526314,0.5,2918345.9597711517,1196331.0146965873,9588.439612268361,8081.9292232829575,1630.2801191492813,5.881467546369783,4.957386849261401,0.5000000000004106,0.03227611274176164,1.9473684210526314,7.644137744085128
2.4210526315789473,0.1,,,,,,,,,,,
2.4210526315789473,0.12105263157894737,,,,,,,,,,,
2.4210526315789473,0.14210526315789473,,,,,,,,,,,
2.4210526315789473,0.1631578947368421,2343398.5314540863,1613964.7857525866,2833.323951455152,1963.6744227937722,1006.8494785658077,2.8140491819005953,1.9503157766848132,0.163157894533362,0.04407795246095056,2.4210526315789473,0.0
2.4210526315789473,0.1842105263157895,2490916.6672319905,1489147.155574247,4784.080349434381,3691.5154541468532,1138.4668068996773,4.202213292860596,3.2425323529631487,0.184210526318029,0.04044779318522106,2.4210526315789473,0.0
2.4210526315789473,0.20526315789473684,2588656.3929575267,1409887.7147213763,6032.021673506031,4815.609554518577,1413.9743226358694,4.266005101324187,3.4057263115935,0.20526315789473754,0.03817407178780785,2.4210526315789473,0.0
2.4210526315789473,0.22631578947368422,2657513.866094407,1356247.6084434532,6888.558004356221,5595.673143986288,1369.760729803801,5.0290228464521025,4.085146421731472,0.22631578940422106,0.03664853998000857,2.4210526315789473,0.0
2.4210526315789473,0.24736842105263157,2708124.315156654,1318274.5482252785,7505.817171644037,6162.120527984657,1489.2638467955046,5.039951240201351,4.137695641537182,0.24736842070713694,0.03557485846575564,2.4210526315789473,0.0
2.4210526315789473,0.26842105263157895,2746556.530338006,1291140.306221835,7967.700354441734,6588.4748726746175,1474.6781342042914,5.4030097616799315,4.46773754886495,0.2684210526289056,0.03481075540310172,2.4210526315789473,0.0
2.4210526315789473,0.2894736842105263,2776235.5223496067,1269879.2377649462,8320.230592204784,6915.001005865566,1504.5561531485353,5.530023306071568,4.5960404943310165,0.28947368419924036,0.0342138416830884,2.4210526315789473,0.0
2.4210526315789473,0.31052631578947365,2799461.010662557,1253448.5866829564,8594.789645010127,7170.152381235685,1528.2999033605217,5.623758547724412,4.6915872764694315,0.3105263157887103,0.03375359456180775,2.4210526315789473,0.0
2.4210526315789473,0.3315789473684211,2818008.021688366,1240538.8053977608,8811.932131528707,7372.387593355448,1546.6287307860348,5.697509658345909,4.76674682592287,0.3315789465395645,0.03339262014365909,2.4210526315789473,0.0
2.4210526315789473,0.3526315789473684,2832929.9510174906,1230267.6386116284,8985.584155816554,7534.414681562176,1560.9849417112275,5.7563554366937835,4.826705549960389,0.35263157697406977,0.03310582855883092,2.4210526315789473,5.684341886080802e-14
2.4210526315789473,0.37368421052631584,2845028.9120334885,1222014.1973463981,9125.705019436311,7665.346386587419,1622.9715579998965,5.622837303866598,4.723031866334104,0.37368421052713163,0.032875632261791105,2.4210526315789473,0.0
2.4210526315789473,0.39473684210526316,2854993.311358502,1215370.5344781494,9238.984224678294,7771.22165969997,1643.4569910902346,5.621676913217757,4.72858231266807,0.3947368415721743,0.03269049813535367,2.4210526315789473,0.49513243582805444
2.4210526315789473,0.4157894736842105,2865514.2886652616,1210035.6515328188,9331.88870321058,7856.553370897812,1631.9654104855204,5.718190252840151,4.814166599622008,0.41578947271481304,0.03254193939244651,2.4210526315789473,2.347503151988519
2.4210526315789473,0.4368421052631579,2876928.640221876,1205643.9007083303,9410.371181294702,7927.010868152328,1614.9949352943183,5.8268734939281694,4.90838125551626,0.43684210527985234,0.032419712833652754,2.4210526315789473,3.9597784655861687
2.4210526315789473,0.45789473684210524,2889221.4362580176,1202026.2421120733,9477.045944726851,7985.193688059925,1610.0578112457683,5.886152583175923,4.959569546065834,0.4578947368984842,0.032319076357070445,2.4210526315789473,5.361302357095838
2.4210526315789473,0.4789473684210527,2902411.062199136,1199025.5590832827,9534.392448075616,8033.553067590934,1619.010755833848,5.889023537193899,4.962013401481925,0.4789473652248405,0.03223564674377955,2.4210526315789473,6.588159195598337
2.4210526315789473,0.5,2916531.923435019,1196571.1286547692,9583.532207465641,8073.1762338413055,1629.1868635809856,5.882402087628453,4.955340860100174,0.500000000000228,0.032167419140306325,2.4210526315789473,7.653488513126206
2.894736842105263,0.1,,,,,,,,,,,
2.894736842105263,0.12105263157894737,,,,,,,,,,,
2.894736842105263,0.14210526315789473,,,,,,,,,,,
2.894736842105263,0.1631578947368421,2346631.703498655,1604839.6443805716,2908.613782587331,2024.0471215000423,906.467719710132,3.2087339894656597,2.232894870373638,0.16315789493835153,0.043634288734285556,2.894736842105263,0.0
2.894736842105263,0.1842105263157895,2491365.3470371184,1486183.5918142693,4814.488461135681,3714.917028642381,1138.8489381433712,4.227504017332261,3.2619927930904433,0.1842105266281547,0.04020600640846692,2.894736842105263,0.0
2.894736842105263,0.20526315789473684,2588306.8558027544,1408279.6405125184,6049.689545934356,4827.892765531108,1281.212279474855,4.721847927038297,3.768222364766884,0.2052631578947414,0.03798402774636258,2.894736842105263,0.0
2.894736842105263,0.22631578947368422,2656736.5295987916,1355088.9401030946,6899.663864318262,5602.0025907175,1369.9417163791427,5.036465261131389,4.0892269530444025,0.2263157894487201,0.0364795350818139,2.894736842105263,0.0
2.894736842105263,0.24736842105263157,2707049.5074643977,1317403.848683768,7512.596635956894,6164.474781760441,1430.1382112788428,5.253056366656381,4.310404919709201,0.24736842096881706,0.035419642185455,2.894736842105263,0.0
2.894736842105263,0.26842105263157895,2745112.155377352,1289654.9836099125,7969.9590957802475,6586.47597965633,1472.738934778873,5.411657767421564,4.4722630902979885,0.2684210526295241,0.03464233398894363,2.894736842105263,0.0
2.894736842105263,0.2894736842105263,2774595.3488989123,1268642.614479897,8319.89932993404,6910.625911805636,1504.0499101943226,5.531664390617936,4.5946785841121365,0.28947368420148506,0.03405544310416419,2.894736842105263,0.0
2.894736842105263,0.31052631578947365,2797690.085260174,1252398.2838626474,8592.565665562817,7164.0190600754195,1527.6146223618537,5.624825489217826,4.689676935010669,0.3105263134031928,0.03360273972769187,2.894736842105263,0.0
2.894736842105263,0.3315789473684211,2816124.3034824263,1239632.2770633749,8808.258027281801,7364.907212807461,1545.8059549963814,5.698165412554916,4.764444844453133,0.33157894617867184,0.033247589943959474,2.894736842105263,0.0
2.894736842105263,0.3526315789473684,2831283.936957398,1230293.0540142166,8984.193664216755,7529.145365659013,1559.9893639401278,5.759137768430047,4.826408140785235,0.3526315757856451,0.03298811518701779,2.894736842105263,0.0
2.894736842105263,0.37368421052631584,2843321.3526922357,1222086.072013956,9123.539543371058,7659.33799560526,1571.3326364798254,5.806243268650009,4.874421760095352,0.37368421052743084,0.03276033403056874,2.894736842105263,5.684341886080802e-14
2.894736842105263,0.39473684210526316,2853362.0039441623,1215478.6174954253,9236.296818791083,7764.631903954518,1580.6150586298954,5.843482743228617,4.91241169794057,0.39473684210446847,0.03257710581881361,2.894736842105263,0.5260763196438347
2.894736842105263,0.4157894736842105,2863775.198489123,1210177.3750123614,9328.59086733524,7849.420205155013,1592.6664259527076,5.857215745447152,4.928477223634331,0.41578947137896494,0.03243020078661239,2.894736842105263,2.3731365242878155
2.894736842105263,0.4368421052631579,2875179.966714555,1205814.2725632067,9406.609417422538,7919.412324990259,1601.3403522789722,5.874209941712501,4.945489766569377,0.43684210526929446,0.03230935983698615,2.894736842105263,3.981472921277941
2.894736842105263,0.45789473684210524,2887461.493030864,1202221.9640622027,9472.871682426603,7977.181698474458,1608.4261756654337,5.88952842582751,4.959619421248327,0.45789473689358756,0.03220991174753813,2.894736842105263,5.378842749183093
2.894736842105263,0.4789473684210527,2900626.7228845176,1199244.025689061,9529.840114903796,8025.1690036249565,1617.9235521715502,5.890167123232122,4.9601657586687,0.478947367014709,0.032127503270574675,2.894736842105263,6.60128809855928
2.894736842105263,0.5,2914732.47609636,1196809.3992473946,9578.655110911446,8064.467433962666,1628.09477407646,5.883352286014773,4.9533157174693665,0.5000000000000866,0.03206015019911387,2.894736842105263,7.662491488031208
3.3684210526315788,0.1,,,,,,,,,,,
3.3684210526315788,0.12105263157894737,,,,,,,,,,,
3.3684210526315788,0.14210526315789473,,,,,,,,,,,
3.3684210526315788,0.1631578947368421,2350306.769103502,1593861.7029631773,2990.369034600428,2089.2436591369265,909.3620961964513,3.2884249817626148,2.297482672607,0.16315789473717743,0.043143204967319645,3.3684210526315788,0.0
3.3684210526315788,0.1842105263157895,2491984.268839811,1482119.483861955,4847.362402165491,3740.0671705443406,1142.6728223651953,4.242126273846291,3.2730866590515832,0.18421052631573712,0.039936099551646585,3.3684210526315788,0.0
3.3684210526315788,0.20526315789473684,2588015.9983841977,1405554.7799732233,6068.416935667783,4840.750240881562,1282.1944913902296,4.732836536435322,3.775363467388586,0.20526315789474064,0.03776501125302029,3.3684210526315788,0.0
3.3684210526315788,0.22631578947368422,2655955.898268794,1353947.9054620618,6910.489403603347,5608.078869334186,1370.1039450739102,5.043770166817935,4.093177666919029,0.22631578936524496,0.03631327264201837,3.3684210526315788,0.0
3.3684210526315788,0.24736842105263157,2705976.804636386,1316544.8524191782,7519.18219043985,6166.655079282796,1429.893653644016,5.258560432992741,4.31266693405301,0.2473684210290336,0.03526679792294266,3.3684210526315788,0.0
3.3684210526315788,0.26842105263157895,2743832.1210304955,1288990.3515283272,7973.559726971503,6585.883915253413,1472.2390243751775,5.415941022454221,4.473379530235236,0.26842105263000887,0.034498878556174416,3.3684210526315788,0.0
3.3684210526315788,0.2894736842105263,2773146.866804803,1268119.0937797301,8321.284865507985,6907.968734280575,1503.3683682051858,5.535093754461823,4.5949940682387345,0.2894736842031428,0.03391885683450186,3.3684210526315788,0.0
3.3684210526315788,0.31052631578947365,2796126.9570018323,1251980.3969479792,8592.27982697269,7159.784149600575,1526.815433370647,5.6275825087804465,4.689357988604034,0.3105263179264277,0.03347132705923935,3.3684210526315788,0.0
3.3684210526315788,0.3315789473684211,2814457.407349609,1239296.2028662192,8806.652461812735,7359.429685265387,1544.9109942834332,5.700427075993121,4.7636593386267325,0.33157894673726573,0.033120186288300026,3.3684210526315788,0.0
3.3684210526315788,0.3526315789473684,2829207.2226650296,1229202.4231968196,8978.126763809993,7519.412098219652,1559.092456586273,5.758559555517408,4.822941748229517,0.3526315759324197,0.032841128498675175,3.3684210526315788,0.0
3.3684210526315788,0.37368421052631584,2841167.227243472,1221090.7142203983,9116.505394939471,7648.702645240351,1570.3476790513848,5.805405717825856,4.870706498487505,0.3736842105269716,0.032617104513165185,3.3684210526315788,0.0
3.3684210526315788,0.39473684210526316,2851200.420733793,1214600.756519383,9227.86536985351,7752.614144151508,1579.5336224595962,5.842145579328784,4.908166584057515,0.3947368424393004,0.032438019131236305,3.3684210526315788,0.5596219455072173
3.3684210526315788,0.4157894736842105,2861592.773450197,1209323.0531036109,9320.168502718583,7837.426896981465,1588.439238594758,5.867500799693063,4.934042616521478,0.4157894696263059,0.03229248228612931,3.3684210526315788,2.413529456618676
3.3684210526315788,0.4368421052631579,2872997.7355014132,1205015.410843225,9397.625368350602,7906.8590277996145,1597.6205886671912,5.882263558077037,4.949146927554233,0.4368421052632871,0.032173759669372366,3.3684210526315788,4.015721627760797
3.3684210526315788,0.45789473684210524,2885276.4733981476,1201470.9538275034,9463.388312615221,7964.131159979361,1607.0640947906638,5.888619093221619,4.955702255930725,0.45789473695381394,0.03207611388458747,3.3684210526315788,5.406847245366919
3.3684210526315788,0.4789473684210527,2898417.181075704,1198534.7588231552,9519.89503762729,8011.671985394033,1616.8198633136692,5.888036913473021,4.955203833885444,0.4789473680642343,0.0319952540874549,3.3684210526315788,6.622792970582566
3.3684210526315788,0.5,2912513.687711957,1196135.7822862796,9568.315933536274,8050.580133078978,1626.978452527301,5.881034207105282,4.948178705485276,0.5000000000000423,0.03192920831852537,3.3684210526315788,7.678092393945462
3.8421052631578947,0.1,,,,,,,,,,,
3.8421052631578947,0.12105263157894737,,,,,,,,,,,
3.8421052631578947,0.14210526315789473,,,,,,,,,,,
3.8421052631578947,0.1631578947368421,2354297.6080254456,1581435.779820412,3076.0940775904705,2157.251400251929,925.1413128009171,3.32499914880833,2.3318074443359684,0.16315789473752568,0.04261725176984154,3.8421052631578947,0.0
3.8421052631578947,0.1842105263157895,2492603.0436495556,1477876.0993728396,4879.963657440514,3764.8833737357027,1146.6153044121015,4.255972895759135,3.283475599225542,0.1842105263155994,0.039664648218709034,3.8421052631578947,0.0
3.8421052631578947,0.20526315789473684,2587673.3205414615,1403502.1927051614,6085.864677915774,4852.6658558588015,1283.3677066342689,4.742105202160981,3.781196792449526,0.2052631578947443,0.037567677897815954,3.8421052631578947,0.0
3.8421052631578947,0.22631578947368422,2655130.9051049175,1351831.8259127433,6921.0309358413915,5613.615273552086,1370.7856253083544,5.048952081245035,4.0951810187601865,0.2263157894387458,0.03612198621681815,3.8421052631578947,0.0
3.8421052631578947,0.24736842105263157,2704906.3713081237,1315697.050776927,7525.58165064867,6168.668826981145,1429.6392817345386,5.263972350786351,4.314842845879895,0.24736842104382503,0.03511624968111027,3.8421052631578947,0.0
3.8421052631578947,0.26842105263157895,2742638.7930495716,1288330.3987633085,7977.134112349863,6585.21998215081,1471.7958572207292,5.420000384709271,4.474275389377731,0.26842105262948623,0.03435740436355477,3.8421052631578947,0.0
3.8421052631578947,0.2894736842105263,2771706.816438322,1267600.5905986342,8322.576672367395,6905.231981292138,1502.684333271069,5.53847304327095,4.595264506591821,0.2894736842049106,0.03378417196664866,3.8421052631578947,0.0
3.8421052631578947,0.31052631578947365,2794654.734712962,1251563.3204611484,8592.024049816619,7155.533891777807,1526.0747609354403,5.630146222030402,4.688848852589416,0.31052631578923756,0.03334163173574384,3.8421052631578947,0.0
3.8421052631578947,0.3315789473684211,2812802.2137309555,1238961.9683251388,8805.002502394267,7353.919792390481,1544.0169452488099,5.702659241848793,4.762849148139004,0.33157894679749467,0.03299447483070907,3.8421052631578947,0.0
3.8421052631578947,0.3526315789473684,2827469.735027242,1228931.6233925624,8975.442815667497,7512.925466074448,1558.1267392499376,5.760406127160208,4.8217678811487925,0.35263157561801034,0.03271850453322856,3.8421052631578947,5.684341886080802e-14
3.8421052631578947,0.37368421052631584,2839362.5769253145,1220870.7640545072,9112.985547531356,7641.4243338758415,1569.3261696084762,5.806941682368626,4.869239092458558,0.37368421052687445,0.03249694952584662,3.8421052631578947,0.0
3.8421052631578947,0.39473684210526316,2849363.912492124,1214421.9339551355,9223.680706620975,7744.689570503591,1578.484192778567,5.843378570921738,4.906409329871593,0.3947368421534809,0.03231984633363299,3.8421052631578947,0.5926198452555127
3.8421052631578947,0.4157894736842105,2859854.3500967384,1209178.8631976098,9315.50701863961,7828.95381212045,1587.453573777821,5.8682075321866405,4.931768677485862,0.4157894699009592,0.032175950590411,3.8421052631578947,2.444360798404432
3.8421052631578947,0.4368421052631579,2871148.881905134,1204903.6997624093,9392.37508378031,7897.867580859352,1596.5568974472408,5.882894057078657,4.946812477204773,0.4368421052631658,0.032058680712447635,3.8421052631578947,4.040283667566882
3.8421052631578947,0.45789473684210524,2883417.0682054097,1201387.02291698,9457.691213002312,7954.6940099909925,1605.9927724827623,5.888999860429836,4.953131885950858,0.45789473938267106,0.03196225768186184,3.8421052631578947,5.42672827658015
3.8421052631578947,0.4789473684210527,2896532.292879969,1198475.5668718922,9513.788786925836,8001.836132907019,1615.7322409993826,5.888221170261014,4.952451854248836,0.4789473684183128,0.031882457061084606,3.8421052631578947,6.637738437498854
3.8421052631578947,0.5,2910614.1774617815,1196098.1617786405,9561.858489473256,8040.39539725351,1625.8833457316784,5.881023699870815,4.9452474055788915,0.5000000000000626,0.031817313187458,3.8421052631578947,7.688459303261425
4.315789473684211,0.1,,,,,,,,,,,
4.315789473684211,0.12105263157894737,,,,,,,,,,,
4.315789473684211,0.14210526315789473,,,,,,,,,,,
4.315789473684211,0.1631578947368421,2358508.6264206492,1567742.0991728539,3164.5126800641724,2227.078246742948,942.1252449362867,3.358908698257183,2.3638876664360686,0.16315789473754388,0.04206222972957529,4.315789473684211,5.684341886080802e-14
4.315789473684211,0.1842105263157895,2493189.138017314,1473690.7509283142,4911.745127921162,3788.973636750944,1150.4624579826839,4.269365848350951,3.2934352707126524,0.1842105263224927,0.03939831301644301,4.315789473684211,0.0
4.315789473684211,0.20526315789473684,2587363.86922405,1400581.3477414858,6103.900083150871,4864.812295529044,1285.1304663241115,4.7496345648158185,3.785461805635952,0.20526315789473368,0.037348638777592695,4.315789473684211,0.0
4.315789473684211,0.22631578947368422,2654325.9893776327,1350267.0856466268,6931.306864482638,5619.064155557692,1371.159736562506,5.055068844027908,4.0980375996488,0.22631578952079293,0.03594838859568095,4.315789473684211,0.0
4.315789473684211,0.24736842105263157,2703712.2314595296,1313874.3231293259,7530.741851569757,6169.309610723623,1429.7852349150423,5.267044076040716,4.31485055242594,0.24736842104707735,0.034940687672458864,4.315789473684211,0.0
4.315789473684211,0.26842105263157895,2741355.327730756,1287680.9098211224,7980.459924300252,6584.395321461839,1471.2743876713068,5.424181914110194,4.475300716600825,0.26842105263047217,0.03421801761024685,4.315789473684211,5.684341886080802e-14
4.315789473684211,0.2894736842105263,2770275.0678645987,1267086.9084780337,8323.778859276994,6902.418638637924,1501.9982740662956,5.541803211758948,4.595490392909242,0.28947368420646424,0.033651326911969384,4.315789473684211,0.0
4.315789473684211,0.31052631578947365,2793096.5312943486,1251152.0001980835,8591.593574198618,7151.190708614382,1525.2635560549072,5.6328583608335645,4.688495099896657,0.3105263157892822,0.03321373875607711,4.315789473684211,0.0
4.315789473684211,0.3315789473684211,2811158.5105364285,1238629.4583200042,8803.310326861492,7348.379353475106,1543.1238085831153,5.704863263657779,4.762015408356853,0.3315789468486968,0.032870404549338844,4.315789473684211,0.0
4.315789473684211,0.3526315789473684,2825744.9624166423,1228661.536114741,8972.732720262818,7506.423782256302,1557.1629059258075,5.762231225851159,4.82057705952954,0.35263157520437455,0.0325974541850928,4.315789473684211,0.0
4.315789473684211,0.37368421052631584,2837571.623403906,1220650.7321896795,9109.452338440544,7634.1433068918695,1568.3072589018523,5.808461503149002,4.867759977236469,0.37368421052681294,0.0323783143209025,4.315789473684211,0.0
4.315789473684211,0.39473684210526316,2847541.46320799,1214242.4355050882,9219.49211075871,7736.771620043069,1577.4376074999839,5.844600171141035,4.904645092305591,0.39473684210525917,0.03220315121605513,4.315789473684211,0.6251413836006918
4.315789473684211,0.4157894736842105,2858012.6570556047,1209034.653032179,9310.750349839245,7820.476682668064,1586.3899738064372,5.869143466343726,4.929731536252307,0.4157894781565803,0.032060893111472984,4.315789473684211,2.4726902083197615
4.315789473684211,0.4368421052631579,2869313.7470047274,1204790.4319756932,9387.13442466049,7888.896791096758,1595.4957445485868,5.88352206938439,4.944479995043021,0.4368421052732456,0.03194501548819653,4.315789473684211,4.064398791821759
4.315789473684211,0.45789473684210524,2881571.280283899,1201301.1664002072,9452.009456115666,7945.283448498158,1604.9238569453305,5.889381863950717,4.950567227295446,0.45789473735860925,0.031849789626133905,4.315789473684211,5.446187324899654
4.315789473684211,0.4789473684210527,2894693.5605157274,1198432.4877194236,9507.426732123617,7991.7345205057445,1614.6633211255578,5.8881790449640805,4.949474243915335,0.47894736843147384,0.031771526927995564,4.315789473684211,6.646205228797442
4.315789473684211,0.5,2908728.320801955,1196057.9740368028,9555.426506161375,8030.247660230033,1624.7904764241016,5.881020749943899,4.942328119686728,0.5000000000000185,0.03170676418838302,4.315789473684211,7.698472911126771
4.789473684210526,0.1,,,,,,,,,,,
4.789473684210526,0.12105263157894737,,,,,,,,,,,
4.789473684210526,0.14210526315789473,2191725.3010535175,1566895.4454665591,1175.1151752320181,405.32960716830706,769.7921979962649,1.5265355745236064,0.5265441871499376,0.14210526315698374,0.041878235243975166,4.789473684210526,0.0
4.789473684210526,0.1631578947368421,2362969.566521923,1552437.6302570384,3256.114995208127,2299.0200048543325,960.5965083429822,3.3896802319476333,2.3933253815591264,0.16315789473971123,0.041468972832086885,4.789473684210526,0.0
4.789473684210526,0.1842105263157895,2493919.775407475,1468399.9008561338,4945.591758468071,3814.4617660317745,1155.2648686723953,4.280915911648413,3.3018071175446275,0.1842105263172625,0.039104386442340364,4.789473684210526,0.0
4.789473684210526,0.20526315789473684,2587026.9275533496,1398001.4559824248,6121.145021072377,4876.350704191492,1286.6369079760848,4.757476630062716,3.789997530742473,0.20526315805984752,0.037141780718197986,4.789473684210526,0.0
4.789473684210526,0.22631578947368422,2653576.809307822,1348714.0973613036,6941.385779270621,5624.2927122137235,1371.5658465352028,5.060920550628819,4.100636310259254,0.22631578946711817,0.03577727636744917,4.789473684210526,0.0
4.789473684210526,0.24736842105263157,2702592.439577614,1312618.7774388306,7536.317764663337,6170.471127938987,1429.6909657369456,5.271291450581897,4.315947485027555,0.24736842214350085,0.03478285857271309,4.789473684210526,0.0
4.789473684210526,0.26842105263157895,2739864.8824807163,1285970.781954022,7981.586006790209,6581.3260530301495,1471.089176047464,5.425630299473216,4.47377776968825,0.2684210526308035,0.03405130270816369,4.789473684210526,0.0
4.789473684210526,0.2894736842105263,2768851.5319014834,1266577.826910718,8324.895176666803,6899.53208186615,1501.310418838668,5.545085861128233,4.595673216737716,0.2894736841532743,0.0335202663459953,4.789473684210526,0.0
4.789473684210526,0.31052631578947365,2791548.450359454,1250743.5988569665,8591.103328682184,7146.799061715942,1524.4523896488458,5.635534036363789,4.688109061485476,0.31052631578935,0.03308751897519759,4.789473684210526,0.0
4.789473684210526,0.3315789473684211,2809526.074052313,1238298.5810866852,8801.578095168303,7342.809816997533,1542.231764855171,5.70703982095379,4.7611584616058575,0.33157894691039835,0.032747925418271276,4.789473684210526,0.0
4.789473684210526,0.3526315789473684,2824032.657167768,1228392.091309631,8969.998181245564,7499.908172403902,1556.201120580329,5.764035292495181,4.81936947173453,0.3526315750284906,0.03247793081746171,4.789473684210526,0.0
4.789473684210526,0.37368421052631584,2835794.0991366906,1220430.5652405035,9105.907086991936,7626.860434929864,1567.2910758299756,5.809965505080035,4.866269292633456,0.3736842105267334,0.03226115489305884,4.789473684210526,0.0
4.789473684210526,0.39473684210526316,2845732.8285281183,1214062.2394547134,9215.300349712208,7728.860665398619,1576.3940049644905,5.845810324506905,4.902873673116207,0.39473684210539145,0.032087892325179126,4.789473684210526,0.6571954641447064
4.789473684210526,0.4157894736842105,2856184.882923506,1208889.266174526,9305.998014456736,7812.014160611151,1585.3293976875243,5.870072193218101,4.927691476614461,0.4157894740873063,0.03194723847806377,4.789473684210526,2.500572354889698
4.789473684210526,0.4368421052631579,2867596.645478967,1204674.7624484408,9381.988657267588,7879.960309112188,1594.50884567272,5.883936412600675,4.941935775707565,0.4368421052631378,0.031832702651605135,4.789473684210526,4.089851745930218
4.789473684210526,0.45789473684210524,2879738.8738761945,1201213.365379648,9446.343614112127,7935.899798462637,1603.8575021494873,5.889764895853997,4.948008029283746,0.4578947346074406,0.031738671753635275,4.789473684210526,5.4652375420681665
4.789473684210526,0.4789473684210527,2892848.7559281876,1198368.5249157185,9501.374889930863,7981.966777713383,1613.5893801726893,5.888347436269076,4.9467149919263464,0.4789473684237524,0.0316614155890828,4.789473684210526,6.660629414815219
4.789473684210526,0.5,2906855.8795852945,1196015.2121423401,9549.020366652461,8020.137071474687,1623.700010081732,5.8810250091528875,4.939420472794712,0.5000000000000226,0.031597525147806844,4.789473684210526,7.708145529797093
5.263157894736842,0.1,,,,,,,,,,,
5.263157894736842,0.12105263157894737,,,,,,,,,,,
5.263157894736842,0.14210526315789473,2201329.9333652165,1546745.162448323,1308.9662947206984,508.7615467363648,800.2114838839883,1.6357754432207918,0.6357838608701136,0.1421052631354705,0.04115348549338999,5.263157894736842,0.0
5.263157894736842,0.1631578947368421,2367488.471761187,1536127.5029201915,3347.922434378328,2370.7642678727575,979.7485185839207,3.4171242628845686,2.4197681577506653,0.16315789473158834,0.04085520348220192,5.263157894736842,0.0
5.263157894736842,0.1842105263157895,2494727.835136136,1462603.7616898532,4979.856739181211,3840.08623508586,1160.489661890622,4.291168549548501,3.309022355985274,0.18421052597752377,0.03880000940857874,5.263157894736842,0.0
5.263157894736842,0.20526315789473684,2586707.104989238,1394680.2898973054,6138.690203869356,4887.903554785578,1288.63034270381,4.763732468839069,3.7930998462520735,0.20526315789472496,0.03691698809821977,5.263157894736842,0.0
5.263157894736842,0.22631578947368422,2652702.58720024,1346176.4750784438,6950.9380422616805,5628.804583297055,1372.42835656255,5.064700105491359,4.101346752551243,0.2263157894703091,0.03558121852921979,5.263157894736842,0.0
5.263157894736842,0.24736842105263157,2701545.9533297843,1311368.2888672932,7541.8003441251685,6171.501597367388,1429.6451477728374,5.275295310779818,4.316806591468952,0.24736842105040013,0.0346270916195652,5.263157894736842,0.0
5.263157894736842,0.26842105263157895,2738512.3447056506,1284925.4330736243,7983.863820024814,6579.459895159231,1470.6902533121954,5.428650799883974,4.473722376510885,0.26842105263132726,0.03390470412456952,5.263157894736842,0.0
5.263157894736842,0.2894736842105263,2767120.40212643,1264865.8847495462,8322.700303739575,6893.374702788037,1500.9131193492553,5.5450913157105415,4.59278729322905,0.2894736842086798,0.033358075120669926,5.263157894736842,0.0
5.263157894736842,0.31052631578947365,2789695.156705805,1249333.6234289592,8587.261597278966,7139.153184223021,1523.8226201647733,5.635341990362639,4.6850290117435405,0.31052631578920337,0.0329356295067588,5.263157894736842,5.684341886080802e-14
5.263157894736842,0.3315789473684211,2807904.6826090924,1237969.2538677095,8799.807815946464,7337.212489477306,1541.340980851324,5.709189546810138,4.7602786019643535,0.3315789475792802,0.032626989385756824,5.263157894736842,0.0
5.263157894736842,0.3526315789473684,2822332.5583849605,1228123.239606346,8967.240705905837,7493.379434069607,1555.2415217525943,5.765818736501258,4.818145175049952,0.3526315749750418,0.03235988867222366,5.263157894736842,5.684341886080802e-14
5.263157894736842,0.37368421052631584,2834029.724540392,1220210.2332606805,9102.350947424506,7619.576243120731,1566.2777230340369,5.81145400561041,4.864767040394885,0.37368421052678247,0.032145428063384746,5.263157894736842,0.0
5.263157894736842,0.39473684210526316,2843937.7114282628,1213881.3130422735,9211.106483086833,7720.95725554864,1575.3534828599861,5.847009311436864,4.901095112654701,0.3947368420956341,0.03197402804194959,5.263157894736842,0.6887994363269172
5.263157894736842,0.4157894736842105,2854401.9068982103,1208775.7983232455,9300.736869639057,7803.033336292937,1584.282378797327,5.87063076261664,4.925279382464909,0.415789474239117,0.031835842811678526,5.263157894736842,2.517372229920113
5.263157894736842,0.4368421052631579,2865773.2743286383,1204558.4041124315,9376.757714487589,7871.030491333371,1593.4430255608543,5.88458925990604,4.939637228989065,0.4368421052631602,0.03172175051978611,5.263157894736842,4.112873808976133
5.263157894736842,0.45789473684210524,2877919.600442288,1201123.6235623173,9440.694138978595,7926.54305738091,1602.7938422017346,5.890148745524285,4.945453899730693,0.45789473313862955,0.03162886675527663,5.263157894736842,5.483891336923989
5.263157894736842,0.4789473684210527,2891017.0008579926,1198302.2988004317,9495.344321082832,7972.231139554069,1612.5180043958344,5.888519877110131,4.943964109437055,0.47894736842299057,0.03155259667972954,5.263157894736842,6.674685693308163
5.263157894736842,0.5,2904996.61187634,1195969.8895846058,9542.640258945823,8010.0634421728055,1622.6120940913318,5.881036073683238,4.936523936522529,0.5000000000000137,0.0314895604273736,5.263157894736842,7.717487725583737
5.7368421052631575,0.1,,,,,,,,,,,
5.7368421052631575,0.12105263157894737,,,,,,,,,,,
5.7368421052631575,0.14210526315789473,2209843.935351248,1526791.3875200055,1440.693092282847,611.9816622792936,828.7186602535977,1.7384586125307928,0.7384673371443331,0.14210526309726978,0.04044376443338437,5.7368421052631575,0.0
5.7368421052631575,0.1631578947368421,2371943.3616331182,1519099.4921630567,3438.56978424155,2441.301409979485,999.1599306763284,3.4414608499301935,2.443353996718999,0.16315789474393189,0.04022928070396619,5.7368421052631575,0.0
5.7368421052631575,0.1842105263157895,2495551.5562562575,1456150.9548594782,5014.715706365939,3866.012332681004,1166.1860734893253,4.300099118283495,3.315090465034945,0.1842105265889289,0.03848112791491626,5.7368421052631575,0.0
5.7368421052631575,0.20526315789473684,2586372.202858797,1391474.5063265075,6155.712490160043,4899.016609328241,1290.5239380481255,4.769932822377827,3.796145476183759,0.2052631583767735,0.0366980415826808,5.7368421052631575,0.0
5.7368421052631575,0.22631578947368422,2651848.6375195156,1344114.1554034967,6960.28769016337,5633.265839491315,1373.028300698368,5.0692965954329825,4.102803880026397,0.22631578947121972,0.0354004623996824,5.7368421052631575,0.0
5.7368421052631575,0.24736842105263157,2700307.9191748514,1309325.2865625983,7546.010738816991,6171.226537197071,1429.8517478202489,5.277477717756809,4.31599048405183,0.24736842104975898,0.03445161591005247,5.7368421052631575,0.0
5.7368421052631575,0.26842105263157895,2737164.59804994,1283884.0475286157,7986.005803114508,6577.472542054839,1470.2878102958628,5.4315935609283885,4.473595234888922,0.2684210526314807,0.03375996625660133,5.7368421052631575,0.0
5.7368421052631575,0.2894736842105263,2765610.0058284337,1263969.7188050863,8322.581501481534,6889.287048388827,1500.3185088476066,5.547209777391937,4.591882995351756,0.2894736842094224,0.03321986582441343,5.7368421052631575,0.0
5.7368421052631575,0.31052631578947365,2788047.6590146776,1248547.581414406,8585.396484449506,7133.440988032983,1523.0821157210721,5.636857261885007,4.683556398176076,0.31052631578935824,0.03280238074614054,5.7368421052631575,0.0
5.7368421052631575,0.3315789473684211,2805941.2099239943,1236417.771532504,8793.45961245082,7327.154377373725,1540.6719499220185,5.707548328439357,4.755817341741434,0.3315789473412759,0.03247449805041231,5.7368421052631575,5.684341886080802e-14
5.7368421052631575,0.3526315789473684,2820210.6931742555,1226763.3304852415,8959.841461731097,7482.414560402829,1554.380859433751,5.764251024678146,4.8137588127073405,0.35263158179593806,0.032213825413839534,5.7368421052631575,0.0
5.7368421052631575,0.37368421052631584,2831852.7059755456,1219001.0038912895,9094.231448244258,7607.950235059665,1565.3206319420533,5.809820213614176,4.860314289488842,0.3736842105264727,0.03200443007528508,5.7368421052631575,5.684341886080802e-14
5.7368421052631575,0.39473684210526316,2841750.35240763,1212792.3878394375,9202.451316422832,7708.8158930622185,1574.3462153330402,5.845252605047949,4.8965188330137925,0.39473684252300517,0.03183706783787014,5.7368421052631575,0.73510990709309
5.7368421052631575,0.4157894736842105,2852612.7558248625,1208627.8290254804,9296.006386091207,7794.60371640287,1583.2362081922697,5.871522100107435,4.923209610840511,0.41578947368598235,0.03172486553906779,5.7368421052631575,2.5445879050786857
5.7368421052631575,0.4368421052631579,2863963.188284812,1204440.4706037834,9371.538315470427,7862.121716047487,1592.3803383692157,5.885238651632676,4.937339105869156,0.43684210526318157,0.03161209664143936,5.7368421052631575,4.135492483962707
5.7368421052631575,0.45789473684210524,2876223.0412234203,1201031.2958905636,9435.146544679597,7917.2236595839995,1601.8077452977157,5.8903114761290905,4.942680345269829,0.4578947361478822,0.03152031989529698,5.7368421052631575,5.503960149389002
5.7368421052631575,0.4789473684210527,2889198.0284034004,1198233.8312373569,9489.335261252669,7962.527298747521,1611.4493064186427,5.888696109430953,4.9412210902518545,0.4789473684348035,0.031445034152508614,5.7368421052631575,6.68838632264783
5.7368421052631575,0.5,2903150.261785589,1195922.0362580058,9536.28623556927,8000.026316840834,1621.5268522134156,5.881053540711987,4.933637889450083,0.5000000000000087,0.03138283482137887,5.7368421052631575,7.726509536881679
6.2105263157894735,0.1,,,,,,,,,,,
6.2105263157894735,0.12105263157894737,,,,,,,,,,,
6.2105263157894735,0.14210526315789473,2217728.4017373445,1507033.6942641614,1567.5965355803285,711.7595004613881,855.844751587445,1.831636558701454,0.8316455749026871,0.14210526314872352,0.03974858731942498,6.2105263157894735,0.0
6.2105263157894735,0.1631578947368421,2376328.165380866,1501402.9338489985,3527.231303278178,2509.8819752532027,1018.7458136217783,3.462327163572233,2.4636979526131597,0.16315789472629227,0.03959271782775136,6.2105263157894735,0.0
6.2105263157894735,0.1842105263157895,2496379.428839452,1449410.338266746,5049.329167784886,3891.6068131905517,1172.0567395114904,4.3080927719330635,3.3203228836963654,0.18421052637859278,0.03815809339697002,6.2105263157894735,0.0
6.2105263157894735,0.20526315789473684,2586098.3502028096,1387482.623234699,6172.997648296007,4910.060444150453,1292.9629892021508,4.77430344089368,3.7975259038004685,0.20526315789384758,0.03646018079154922,6.2105263157894735,0.0
6.2105263157894735,0.22631578947368422,2650989.534226665,1342058.8287727092,6969.344047461836,5637.458882803978,1373.613525203765,5.073729924454542,4.104108455082156,0.22631578947128766,0.035222018287570614,6.2105263157894735,0.0
6.2105263157894735,0.24736842105263157,2699112.9063934293,1307582.2343888932,7550.399283252133,6171.189456421462,1429.931973091515,5.280250686980695,4.315722406765506,0.24736842104791068,0.0342862914699157,6.2105263157894735,0.0
6.2105263157894735,0.26842105263157895,2735821.620836388,1282846.4082197254,7988.016490953929,6575.3678131933075,1469.8821614802246,5.434460462401766,4.47339792638321,0.2684210526315405,0.033617032623134015,6.2105263157894735,0.0
6.2105263157894735,0.2894736842105263,2764106.4446128504,1263074.9560208218,8322.364884220837,6885.113976657928,1499.7231892257662,5.549267320802892,4.590923195774799,0.2894736858053456,0.03308331803873628,6.2105263157894735,0.0
6.2105263157894735,0.31052631578947365,2786408.8058870183,1247761.2618583466,8583.458220478158,7127.6667670704155,1522.3427283683666,5.638321818423787,4.682038173302661,0.3105263157893887,0.032670687029999396,6.2105263157894735,0.0
6.2105263157894735,0.3315789473684211,2804194.558248136,1235715.666725836,8790.16827332172,7320.116714680886,1539.824552055325,5.708551835719719,4.753864136605791,0.3315789473499769,0.03234657453258259,6.2105263157894735,0.0
6.2105263157894735,0.3526315789473684,2818389.3722854834,1226127.7384713604,8955.479703867757,7474.366011318727,1553.4593706904525,5.764862520921544,4.811433213085361,0.35263158136681794,0.032088877567969964,6.2105263157894735,0.0
6.2105263157894735,0.37368421052631584,2829959.7630308224,1218419.1253494024,9088.990895419944,7599.076204234904,1564.3340520196798,5.810134276426019,4.85770682701939,0.3736842105293093,0.031881874050457455,6.2105263157894735,0.0
6.2105263157894735,0.39473684210526316,2839823.917968395,1212254.3087327622,9196.506360344725,7699.262131185554,1573.3253326535432,5.845266817660692,4.893623697140954,0.3947368422112534,0.0317164429662964,6.2105263157894735,0.7718307128116635
6.2105263157894735,0.4157894736842105,2850301.470079322,1207286.0277195622,9285.097005507512,7780.2976923888145,1582.2217410922076,5.868391745835834,4.917324475024642,0.4157894738595414,0.03158319490718249,6.2105263157894735,2.5892067767824187
6.2105263157894735,0.4368421052631579,2861646.4517356297,1203186.6149503246,9360.162104119474,7847.361183152422,1591.331545204977,5.881968551634415,4.931317554030902,0.43684210526311734,0.03147329919228738,6.2105263157894735,4.172344496357198
6.2105263157894735,0.45789473684210524,2873914.643263692,1199851.091974875,9423.369231970386,7902.062119684625,1600.7403477633873,5.886881807619243,4.936504618457125,0.457894739432997,0.031383914364281076,6.2105263157894735,5.533512444557118
6.2105263157894735,0.4789473684210527,2887391.59330769,1198163.1673823085,9483.347629582438,7952.854546816802,1610.3833968309903,5.8888756852836055,4.938485184625543,0.4789473684965724,0.03133869281931658,6.2105263157894735,6.701739101972748
6.2105263157894735,0.5,2900835.385878829,1194857.0296647595,9523.822843072596,7984.1887568326765,1620.4203065176944,5.8773781128054505,4.9272332151840335,0.49999999905178166,0.031250139203878036,6.2105263157894735,7.742332649669208
6.684210526315789,0.1,,,,,,,,,,,
6.684210526315789,0.12105263157894737,,,,,,,,,,,
6.684210526315789,0.14210526315789473,2225071.901035978,1487469.5271628522,1688.8231123934852,807.1145986046457,881.7164531236709,1.915381193591732,0.915390197999899,0.14210526309274196,0.03906742793729292,6.684210526315789,0.0
6.684210526315789,0.1631578947368421,2380558.7786399596,1483385.8873784845,3612.8513914588366,2575.774781643868,1038.0985017392657,3.4802587475135955,2.4812431357220217,0.16315789472579315,0.03895518523952345,6.684210526315789,0.0
6.684210526315789,0.1842105263157895,2497362.196196526,1441109.455534276,5086.1715540391815,3918.596430358614,1179.1702959707218,4.313347759368481,3.3231810907624073,0.18421052633977306,0.03779612272684628,6.684210526315789,0.0
6.684210526315789,0.20526315789473684,2585751.4329337776,1383532.9808080608,6189.717790569628,4920.646637298591,1295.2969194477234,4.778609211244587,3.7988561258963003,0.20526315789430186,0.03622618551627405,6.684210526315789,0.0
6.684210526315789,0.22631578947368422,2650052.588850928,1338737.767028723,6977.7350553193255,5640.6804315741765,1374.8459270283768,5.075285105147135,4.102772769430296,0.22631578947248251,0.03501139035666819,6.684210526315789,0.0
6.684210526315789,0.24736842105263157,2697917.434607881,1305840.0723121539,7554.575378312619,6170.958179725789,1430.0056898059324,5.282898824925556,4.315338200202026,0.24736842084684388,0.03412288678712624,6.684210526315789,0.0
6.684210526315789,0.26842105263157895,2734224.268872139,1280550.5267315893,7987.290544047373,6570.479803040306,1469.8674971194303,5.4340207941875365,4.470117079203935,0.2684210526315487,0.033441914885895055,6.684210526315789,0.0
6.684210526315789,0.2894736842105263,2762609.6242969423,1262181.4599351762,8322.053509359572,6880.858130393927,1499.127280228555,5.5512654723292085,4.589909223281482,0.2894736841897555,0.03294838340633606,6.684210526315789,0.0
6.684210526315789,0.31052631578947365,2784778.4646899933,1246974.565148898,8581.449049692856,7121.832676753119,1521.6043688835944,5.639737388496782,4.680475964970072,0.3105263157894371,0.03254050468830163,6.684210526315789,0.0
6.684210526315789,0.3315789473684211,2802457.7806096384,1235011.9601731536,8786.824508388874,7313.03655048594,1538.9797050659442,5.709512919153385,4.751873287485998,0.33157894717609065,0.032220084375041876,6.684210526315789,5.684341886080802e-14
6.684210526315789,0.3526315789473684,2816578.650818586,1225489.6021725617,8951.07951787672,7466.288507095966,1552.541171243653,5.765437776253313,4.809076013820068,0.3526315813104307,0.031965301988972114,6.684210526315789,0.0
6.684210526315789,0.37368421052631584,2828078.277808694,1217833.9583644106,9083.722969622506,7590.184034034913,1563.3512111473226,5.810417329677368,4.855072858813713,0.3736842105264746,0.03176064151274046,6.684210526315789,0.0
6.684210526315789,0.39473684210526316,2837909.261122065,1211712.4017329204,9190.542034260612,7689.6981096359395,1572.3084163373883,5.8452539837378135,4.890705938945933,0.394736842112793,0.03159710388570522,6.684210526315789,0.8081463388921293
6.684210526315789,0.4157894736842105,2848380.487461189,1206781.6671467759,9278.539119780042,7770.14450741933,1581.192046378478,5.868065894355699,4.9141054846663765,0.4157894738173566,0.031465450634264876,6.684210526315789,2.620857923674521
6.684210526315789,0.4368421052631579,2859703.327911276,1202715.648108313,9353.061776368979,7836.6795346528725,1590.280271373381,5.881392069519662,4.927860626658622,0.4368421044028979,0.031356933357827264,6.684210526315789,4.198652501575509
6.684210526315789,0.45789473684210524,2871961.208122007,1199409.346822161,9415.79836419836,7890.914729066556,1599.6775512966196,5.886060197923249,4.9328158182069695,0.4578947388272469,0.031268723560068414,6.684210526315789,5.5545496505095
6.684210526315789,0.4789473684210527,2884954.00109147,1196699.6639982325,9469.232044293865,7935.451967614784,1609.3088338297941,5.884036578460342,4.9309689978710844,0.4789473684423086,0.03119645219575168,6.684210526315789,6.727193011042459
6.684210526315789,0.5,2898886.884161442,1194478.1176074413,9515.246226911395,7972.025901130959,1619.3519780966176,5.875959245188679,4.922972898394368,0.5000000000003642,0.031137214338575636,6.684210526315789,7.748133590691566
7.157894736842105,0.1,,,,,,,,,,,
7.157894736842105,0.12105263157894737,,,,,,,,,,,
7.157894736842105,0.14210526315789473,2232028.247754725,1468099.131680246,1805.2007875665252,898.6912355983816,906.5167132787775,1.9913596309077413,0.9913675307186649,0.14210526297002588,0.03839986754655329,7.157894736842105,0.0
7.157894736842105,0.1631578947368421,2384554.4649098744,1465144.6054262856,3694.8783900563553,2638.5770687619533,1057.0471026836044,3.4954718485826146,2.496177381370424,0.16315789473685993,0.038319222451222434,7.157894736842105,0.0
7.157894736842105,0.1842105263157895,2498409.3984110537,1431769.780432254,5123.785810972756,3945.89579890291,1187.0275059952007,4.3164844833793365,3.324182277979044,0.1842105263246907,0.03741002024868496,7.157894736842105,0.0
7.157894736842105,0.20526315789473684,2585411.690174004,1378538.5017049627,6206.657804477758,4931.080272202213,1298.285027744366,4.780658847511455,3.7981492251893614,0.2052631578943865,0.03596656878053999,7.157894736842105,0.0
7.157894736842105,0.22631578947368422,2649146.410520384,1336056.878477089,6986.000433346585,5643.969668876194,1375.7312482926004,5.078027007103899,4.102523422275129,0.22631578947200082,0.034820338575953166,7.157894736842105,0.0
7.157894736842105,0.24736842105263157,2696599.5841641114,1303239.6496093583,7557.395711032497,6169.273195433751,1430.4151711920679,5.283358190849148,4.312924890395599,0.24736842105214055,0.03393829890933355,7.157894736842105,0.0
7.157894736842105,0.26842105263157895,2732788.5520522255,1279022.0160679116,7987.998292820332,6567.07677970573,1469.6106263304143,5.435452186928036,4.468582808293634,0.2684210541898773,0.03328926652535865,7.157894736842105,0.0
7.157894736842105,0.2894736842105263,2760766.8919939706,1259964.2638964674,8317.966818554756,6872.877776748397,1498.8447762465773,5.549585220815657,4.585449998337739,0.28947368424269304,0.03277961712479064,7.157894736842105,0.0
7.157894736842105,0.31052631578947365,2782840.2388676745,1245189.9834015886,8576.009236319875,7112.668735610081,1521.0440505464285,5.638238572537712,4.676175376416539,0.3105263157893912,0.03238518035647564,7.157894736842105,0.0
7.157894736842105,0.3315789473684211,2800730.7090847767,1234306.597365415,8783.430045846793,7305.915391534258,1538.137424103283,5.710432571372767,4.749845675066079,0.3315789472474722,0.032094988321597274,7.157894736842105,0.0
7.157894736842105,0.3526315789473684,2814876.457748223,1224846.801054412,8946.745041668653,7458.216957660485,1551.6959165723063,5.765785000860219,4.806493900000507,0.35263157890627966,0.031843006477894564,7.157894736842105,0.0
7.157894736842105,0.37368421052631584,2826208.0570581425,1217245.486538165,9078.428871348055,7581.274714983423,1562.372213194118,5.810669694891776,4.852412665151183,0.37368421052641154,0.031640697905477286,7.157894736842105,0.0
7.157894736842105,0.39473684210526316,2836006.1843005186,1211166.6583580687,9184.559320383496,7680.124676504193,1571.2955658967626,5.845214305776855,4.887765766793231,0.394736842105576,0.031479017508106576,7.157894736842105,0.8440679647488878
7.157894736842105,0.4157894736842105,2846470.998602092,1206273.0680242064,9271.96854039513,7759.987791470222,1580.1663259098736,5.867716827249972,4.910867713246549,0.4157894737695106,0.03134892994561046,7.157894736842105,2.6521064672502916
7.157894736842105,0.4368421052631579,2857797.019725175,1202266.5049130062,9345.536832891728,7825.5666317717605,1589.2416933933057,5.880500663770904,4.924088428024326,0.43684210527989065,0.031242467735353118,7.157894736842105,4.215548376554807
7.157894736842105,0.45789473684210524,2870019.2191694914,1198962.6265905409,9408.22552396998,7879.774849976938,1598.6185878981546,5.885222150669352,4.929114993174935,0.45789473918564094,0.031154707720987426,7.157894736842105,5.575212415391377
7.157894736842105,0.4789473684210527,2883119.8353989027,1196277.7730278603,9461.336864812385,7923.914038293711,1608.3198193799162,5.88274592578246,4.92682732800542,0.47894736842157365,0.03108341100689761,7.157894736842105,6.7445721917744095
7.157894736842105,0.5,2896932.320151252,1194078.9686235364,9506.90667891463,7960.121282450101,1618.279900403773,5.8746986084067325,4.918877927399327,0.49999999667404227,0.03102503497651299,7.157894736842105,7.758809318714725
7.63157894736842,0.1,,,,,,,,,,,
7.63157894736842,0.12105263157894737,,,,,,,,,,,
7.63157894736842,0.14210526315789473,2238561.7646184475,1448919.359291692,1916.002043711738,985.7708134597373,930.2376069811188,2.059691018007432,1.0596978729540287,0.14210526338292684,0.03774544128160504,7.63157894736842,0.0
7.63157894736842,0.1631578947368421,2388357.5575657147,1446783.5244554507,3773.0039676328333,2698.007779591119,1075.5402436963102,3.508008175190309,2.508514019260565,0.1631578946602955,0.03768753876545818,7.63157894736842,0.0
7.63157894736842,0.1842105263157895,2499561.1809845804,1420734.2251102508,5162.8934704030935,3973.91759689835,1196.1071938582133,4.3164136934495385,3.322375801519858,0.18421052631569165,0.036982388821423705,7.63157894736842,0.0
7.63157894736842,0.20526315789473684,2585048.6697473354,1373703.7154390393,6222.929046455846,4940.9631496319535,1301.1284645449018,4.782716861576349,3.7974445139513286,0.2052631580385807,0.03571410014817119,7.63157894736842,0.0
7.63157894736842,0.22631578947368422,2648155.482953082,1332205.5947982392,6993.438438723496,5646.169335513318,1377.1963595927782,5.078025649727522,4.099756215724262,0.22631578947294353,0.034600041824265286,7.63157894736842,0.0
7.63157894736842,0.24736842105263157,2695318.3996474044,1300888.488144636,7560.345436196681,6167.770057654738,1430.7190680175295,5.284297669054376,4.310958171684316,0.24736842105263657,0.033762383452937784,7.63157894736842,0.0
7.63157894736842,0.26842105263157895,2731355.210088182,1277490.3777795804,7988.548184656174,6563.53038965859,1469.3519399132326,5.436783365275925,4.4669559493324495,0.2684210517841457,0.03313822664514718,7.63157894736842,0.0
7.63157894736842,0.2894736842105263,2759236.1222194666,1258584.7764350292,8316.208185226,6867.152704379883,1498.4238057424209,5.549970678092361,4.582917515100095,0.2894736842104875,0.032634949804309234,7.63157894736842,0.0
7.63157894736842,0.31052631578947365,2781078.2672623843,1243931.6070292557,8572.270919883575,7105.168659678784,1520.3923512092256,5.63819655700433,4.6732467800352815,0.31052631776205314,0.03224551192077626,7.63157894736842,0.0
7.63157894736842,0.3315789473684211,2798579.860572346,1232394.776162139,8775.320882780457,7294.258016676358,1537.452816526434,5.707700937845061,4.744378453939334,0.3315789472693909,0.0319392853430378,7.63157894736842,0.0
7.63157894736842,0.3526315789473684,2812678.356199006,1223204.7748939865,8937.96899133551,7445.971447971358,1550.8643415961803,5.763217808036243,4.801175220978913,0.35263157891724545,0.03169559390443555,7.63157894736842,0.0
7.63157894736842,0.37368421052631584,2824348.897692648,1216653.703116285,9073.10965140915,7572.349010205572,1561.3971456364927,5.810891659924586,4.849726433385246,0.37368421052647516,0.03152200921342608,7.63157894736842,0.0
7.63157894736842,0.39473684210526316,2834114.482277644,1210617.0853139854,9178.55907570467,7670.542434011053,1570.2868505298911,5.845148020317039,4.884803328399928,0.39473684177413,0.03136215139277116,7.63157894736842,0.8796062336780324
7.63157894736842,0.4157894736842105,2844572.792706882,1205760.235719245,9265.38610177101,7749.828172716076,1579.1446479192389,5.867344776793914,4.907611334356003,0.4157894737303292,0.03123360133868555,7.63157894736842,2.6829652523712184
7.63157894736842,0.4368421052631579,2855890.6821168535,1201786.0652936639,9338.436319445707,7814.893669565861,1588.207988144043,5.879857291461221,4.920573204456826,0.43684210527204803,0.03112845725950618,7.63157894736842,4.241325282496803
7.63157894736842,0.45789473684210524,2868088.5066245203,1198510.9667341523,9400.65103456002,7868.6426283948995,1597.5635540284277,5.884367486260732,4.925401940068847,0.4578947396306111,0.031041837656612437,7.63157894736842,5.595506782642644
7.63157894736842,0.4789473684210527,2881176.884307602,1195851.1855942225,9453.354465882725,7912.379414159615,1607.2534481062937,5.881682491968459,4.922919545440814,0.4789473684213215,0.03097151139419587,7.63157894736842,6.759691945288978
7.63157894736842,0.5,2894988.466510458,1193674.305804539,9498.573602046015,7948.233128308339,1617.2112219190267,5.873427956290552,4.914777377612276,0.5000000015720554,0.030913966328605835,7.63157894736842,7.769154238613794
8.105263157894736,0.1,,,,,,,,,,,
8.105263157894736,0.12105263157894737,,,,,,,,,,,
8.105263157894736,0.14210526315789473,2244787.8339004507,1429930.1810208382,2022.2369856731766,1069.2262366779607,953.0163003947617,2.1219332605701693,1.1219390856536893,0.14210526314932206,0.03710378645975335,8.105263157894736,0.0
8.105263157894736,0.1631578947368421,2391898.9137230953,1428384.457301182,3846.985446079187,2753.936585470027,1093.4462756924688,3.5182208139516766,2.5185842658122235,0.16315789433423616,0.03706216030128512,8.105263157894736,0.0
8.105263157894736,0.1842105263157895,2500648.9555967045,1408944.0973063735,5201.448044565723,4001.2501493401173,1205.5402735492964,4.314619891753477,3.3190514138194818,0.18421052631550935,0.03653919665344289,8.105263157894736,0.0
8.105263157894736,0.20526315789473684,2584686.4521784806,1367309.5527495341,6239.479707433847,4950.589074765092,1304.9255030226311,4.781483458619811,3.7937714170639785,0.20526315807448076,0.03542262853178837,8.105263157894736,0.0
8.105263157894736,0.22631578947368422,2647183.9299472584,1328769.4456275816,7000.703825008438,5648.330896633525,1378.4315268128883,5.078746161004434,4.09765068976128,0.22631578947303768,0.03439317154967186,8.105263157894736,0.0
8.105263157894736,0.24736842105263157,2694033.193821075,1298525.7285723577,7563.04046321111,6166.031483316425,1431.018854729891,5.285073944492965,4.30884014067046,0.24736842105263418,0.03358806142199702,8.105263157894736,0.0
8.105263157894736,0.26842105263157895,2729651.9167689383,1274667.6374386451,7986.135842698686,6556.98676501042,1469.4833686380919,5.434655480381644,4.462103420120633,0.2684210522218467,0.03295459372287262,8.105263157894736,0.0
8.105263157894736,0.2894736842105263,2757617.5642107665,1257202.6986931204,8314.208456985256,6861.26678858746,1497.934933847727,5.5504469981407345,4.580483860512558,0.28947368486309266,0.0324917889317441,8.105263157894736,0.0
8.105263157894736,0.31052631578947365,2779321.902320172,1242665.989461206,8568.428838490174,7097.576056961912,1519.7429149796394,5.638077831476496,4.670247834027245,0.3105263135304375,0.032107167869822706,8.105263157894736,0.0
8.105263157894736,0.3315789473684211,2796705.0667067845,1231220.3499970636,8770.014152745345,7285.308402938837,1536.67622904132,5.707132047078426,4.740952105105376,0.33157894728861853,0.03180470552681752,8.105263157894736,0.0
8.105263157894736,0.3526315789473684,2810707.3055288405,1222102.9428621435,8931.48520821892,7435.927849098641,1549.9891365930519,5.762288907295661,4.797406429210953,0.3526315799489883,0.031564002094317985,8.105263157894736,0.0
8.105263157894736,0.37368421052631584,2821949.2155175414,1214774.319856283,9061.7800288524,7557.698735657443,1560.4962750274094,5.806986004303813,4.843137953356982,0.3736842105263462,0.03137067159748018,8.105263157894736,0.0
8.105263157894736,0.39473684210526316,2831722.184442275,1208914.4733535976,9166.83902045181,7655.520772048601,1569.321997852884,5.841273513653477,4.8782345385604335,0.39473684206162024,0.031216181812496913,8.105263157894736,0.933491069694071
8.105263157894736,0.4157894736842105,2842218.957718254,1204202.198253836,9253.351678561552,7734.482749730916,1578.1522379407106,5.863408773944399,4.900973786802368,0.4157894736936182,0.03109200695443567,8.105263157894736,2.728487459101359
8.105263157894736,0.4368421052631579,2853565.8917320785,1200348.2503026132,9326.121677760351,7799.260484171015,1587.1922995488046,5.875861217579945,4.913872431455301,0.4368421052635667,0.030990489829217264,8.105263157894736,4.278636812370394
8.105263157894736,0.45789473684210524,2866168.8634387334,1198054.4093733574,9393.075404472207,7857.518180227776,1596.5125125050154,5.883496265077158,4.921676541011821,0.4578947400112674,0.0309300845046025,8.105263157894736,5.615443306249858
8.105263157894736,0.4789473684210527,2879244.900745403,1195419.4079608067,9445.375138946209,7900.857020251168,1606.190929761462,5.8806054522726985,4.919002388728803,0.4789473684214092,0.030860710759989977,8.105263157894736,6.774471004144573
8.105263157894736,0.5,2893174.1023749826,1193263.7580783803,9490.33425706006,7936.368363829093,1616.2261048703224,5.871910018321054,4.910431987154339,0.5000000005470673,0.03080396968620078,8.105263157894736,7.7810328384762215
8.578947368421051,0.1,,,,,,,,,,,
8.578947368421051,0.12105263157894737,,,,,,,,,,,
8.578947368421051,0.14210526315789473,2250640.398491267,1411128.440376303,2123.0778148125673,1148.2716008038888,974.8113612263105,2.1779370853266835,1.1779423655458485,0.14210526315788388,0.036474468871584106,8.578947368421051,0.0
8.578947368421051,0.1631578947368421,2395212.400016859,1410009.3170475545,3916.772784387492,2806.3125630953095,1110.7510790500855,3.526238108845338,2.52649996567662,0.16315789462112382,0.03644452648713256,8.578947368421051,0.0
8.578947368421051,0.1842105263157895,2501772.873086586,1395945.0782863242,5239.843158613902,4028.0292571088107,1215.7039916864492,4.310130750944633,3.313330617201517,0.1842105263176579,0.03606851820307356,8.578947368421051,0.0
8.578947368421051,0.20526315789473684,2584294.3062281264,1360200.2127208204,6255.558952231701,4959.566238402639,1309.101807071819,4.778512197018542,3.7885260043266835,0.2052631578944523,0.035115199592126764,8.578947368421051,0.0
8.578947368421051,0.22631578947368422,2646104.7767366944,1324032.3912926451,7006.861973522236,5649.116415110666,1380.2894868067067,5.076371326809552,4.092704080634469,0.22631578947360115,0.034153980790017066,8.578947368421051,0.0
8.578947368421051,0.24736842105263157,2692556.733469369,1294889.9717937931,7563.648276515987,6162.069779181686,1431.803279021291,5.282602985576425,4.3037125766283815,0.24736842105263385,0.033381914207529735,8.578947368421051,0.0
8.578947368421051,0.26842105263157895,2728095.3183466564,1272525.2678881772,7985.034908607103,6551.797480757185,1469.4032090241958,5.434202715475094,4.458815279917699,0.2684210524411044,0.03279084277618625,8.578947368421051,0.0
8.578947368421051,0.2894736842105263,2755658.402814795,1254534.9574199994,8308.4047941555,6851.635674723246,1497.74336947447,5.547281973326821,4.574639296936001,0.2894736842104916,0.03231627784428247,8.578947368421051,0.0
8.578947368421051,0.31052631578947365,2777571.082079043,1241393.0687942111,8564.48529443038,7089.893053209203,1519.0958874447736,5.637883273343889,4.6671794136279985,0.3105263157549589,0.031970113523339505,8.578947368421051,0.0
8.578947368421051,0.3315789473684211,2794836.9430537177,1230037.4067419816,8764.621420972282,7276.2830416012175,1535.9031276151013,5.706493634518273,4.737462220615167,0.3315789473145226,0.03167134008869393,8.578947368421051,0.0
8.578947368421051,0.3526315789473684,2808743.807093964,1220991.6517111934,8924.927408426262,7425.81992136712,1549.118182854665,5.761295366102858,4.793578697580747,0.352631579964,0.031433565544630074,8.578947368421051,0.0
8.578947368421051,0.37368421052631584,2819917.3597673764,1213720.7943801126,9054.282330092337,7546.708878225112,1559.5549455483101,5.805683445740363,4.839014425087686,0.37368421052644146,0.031242588109704334,8.578947368421051,5.684341886080802e-14
8.578947368421051,0.39473684210526316,2829654.145392028,1207908.6273884054,9158.573154278069,7643.79494921458,1568.338140787346,5.839667426362678,4.873818183990092,0.3947368417036802,0.031090015334315737,8.578947368421051,0.9756025268295616
8.578947368421051,0.4157894736842105,2840145.4586711377,1203237.9074472284,9244.427379716843,7722.107150800917,1577.150546181509,5.861474291150473,4.896239721374199,0.41578947368631763,0.030967463927968033,8.578947368421051,2.764983018504722
8.578947368421051,0.4368421052631579,2851485.2894379217,1199420.5185310838,9316.611579005892,7786.307261774039,1586.174184168858,5.873637127619574,4.9088601614418526,0.43684210613217334,0.030867340305720234,8.578947368421051,4.309120313503229
8.578947368421051,0.45789473684210524,2863656.5735826576,1196278.6643647526,9378.020345746752,7839.279132361988,1595.4675086841967,5.877913711624833,4.913468365662392,0.457894737870582,0.030784960339854478,8.578947368421051,5.648661051125316
8.578947368421051,0.4789473684210527,2876746.240291986,1193730.415400916,9430.033191102233,7882.331282509932,1605.123399270016,5.874958395965605,4.910732275222383,0.478947368421321,0.03071816173707243,8.578947368421051,6.799488637314653
8.578947368421051,0.5,2890682.8304887237,1191647.1728679633,9474.733883031056,7917.586418734523,1615.137669055949,5.866208227667093,4.902112414579723,0.5000000000718464,0.030663563867841755,8.578947368421051,7.798509490726246
9.052631578947368,0.1,,,,,,,,,,,
9.052631578947368,0.12105263157894737,,,,,,,,,,,
9.052631578947368,0.14210526315789473,2256183.7896246216,1392513.737911938,2219.207517687451,1223.507911627461,995.7043122959122,2.2287816676924534,1.2287863942321142,0.14210526315788619,0.035857141576412566,9.052631578947368,0.0
9.052631578947368,0.1631578947368421,2398286.322231348,1391703.355700601,3982.3394916590814,2855.138538782564,1127.41399142107,3.532277869498025,2.5324668316238927,0.16315789446183077,0.03583559662676949,9.052631578947368,0.0
9.052631578947368,0.1842105263157895,2502849.295378076,1381836.4229394787,5277.378505430127,4053.7217512460797,1226.4106096543105,4.303108978254572,3.305354437849087,0.184210526315653,0.035573406443498434,9.052631578947368,0.0
9.052631578947368,0.20526315789473684,2583861.82902518,1352181.3882574204,6271.0705756681255,4967.754577808969,1313.7536878171502,4.773399027398917,3.7813439641513584,0.20526315789455835,0.03478687893462092,9.052631578947368,0.0
9.052631578947368,0.22631578947368422,2645041.8919658,1319683.9885400536,7012.812380788755,5649.827154242577,1381.9266481356185,5.074663253834683,4.088369785664716,0.22631578937365962,0.03392752044916195,9.052631578947368,0.0
9.052631578947368,0.24736842105263157,2691153.731652516,1291769.1147604538,7564.738015774889,6158.678810080186,1432.3753271248245,5.281254062759809,4.299626427133709,0.2473684210526305,0.03319144581513602,9.052631578947368,0.0
9.052631578947368,0.26842105263157895,2726327.6472364184,1269408.8427029222,7981.530978619849,6544.193986963047,1469.6061805786535,5.431067917445164,4.453025629210601,0.2684210524347368,0.03260320228277344,9.052631578947368,5.684341886080802e-14
9.052631578947368,0.2894736842105263,2753888.6571151377,1252547.865371278,8304.431248883695,6843.8237073111095,1497.3926111505787,5.545927759388815,4.570493841326222,0.289473683068037,0.032160427043741946,9.052631578947368,0.0
9.052631578947368,0.31052631578947365,2775379.342813556,1238718.5353570988,8555.616695056768,7077.43183718937,1518.691286269715,5.6335456536868,4.660217584163079,0.3105263146763325,0.03179777336501877,9.052631578947368,5.684341886080802e-14
9.052631578947368,0.3315789473684211,2792603.73059646,1227820.5380245964,8755.09775109499,7263.286265116086,1535.2615852775293,5.702674928528438,4.73097635918709,0.33157894732865856,0.031512311057030944,9.052631578947368,0.0
9.052631578947368,0.3526315789473684,2806787.7383458796,1219870.9058519625,8918.296732340472,7415.64891180693,1548.2513439066704,5.760238327865499,4.7896931857944836,0.3526315795540745,0.031304255555712535,9.052631578947368,0.0
9.052631578947368,0.37368421052631584,2817991.279278921,1212655.3856571596,9046.817473264051,7535.693180430585,1558.686836052484,5.8041277208550355,4.834642216851854,0.373684210526395,0.031115541315896264,9.052631578947368,0.0
9.052631578947368,0.39473684210526316,2827594.1292723357,1206892.0798669276,9150.249738266204,7632.021004374465,1567.3590323013987,5.83800491762926,4.86935082969991,0.39473684100757755,0.030964895097678483,9.052631578947368,1.0174057112218975
9.052631578947368,0.4157894736842105,2838079.8353131143,1202262.522930035,9235.44978756653,7709.687901911642,1576.1534528722393,5.859486441968377,4.891457673656207,0.415789473684975,0.03084393917527075,9.052631578947368,2.801138784908403
9.052631578947368,0.4368421052631579,2849412.395993013,1198481.3277791915,9307.052256051773,7773.314731796927,1585.1604934317138,5.871362738736275,4.903802967590038,0.43684210391219574,0.030745184671427974,9.052631578947368,4.339246624708551
9.052631578947368,0.45789473684210524,2861559.2217527833,1195375.7513487465,9367.953134603644,7825.767872822098,1594.4263014294672,5.875438159923037,4.908202947860294,0.45789473582608015,0.030664099935758127,9.052631578947368,5.672322764884768
9.052631578947368,0.4789473684210527,2874635.188423599,1192851.1042848856,9419.484453250643,7868.378588034452,1604.0666946866006,5.872252372331067,4.905268972978559,0.47894736842113833,0.030598199159657023,9.052631578947368,6.817185392094643
9.052631578947368,0.5,2888558.2512701605,1190792.1669405822,9463.782128883278,7903.240036671042,1614.0659333005865,5.86331817903553,4.896479055542539,0.5000000000104297,0.03054446556564323,9.052631578947368,7.810482911424913
9.526315789473683,0.1,,,,,,,,,,,
9.526315789473683,0.12105263157894737,,,,,,,,,,,
9.526315789473683,0.14210526315789473,2261446.846347461,1374084.627294125,2310.755289783762,1295.0185428915595,1015.7406823535774,2.2749460860713975,1.2749499605459005,0.14210526315787342,0.0352514435136987,9.526315789473683,0.0
9.526315789473683,0.1631578947368421,2401084.4123596093,1373498.6936305868,4043.6974985310717,2900.4676812049215,1143.3854298793287,3.536600513579955,2.5367366116524965,0.16315789433420577,0.035235961747967885,9.526315789473683,0.0
9.526315789473683,0.1842105263157895,2503831.0463562584,1366534.419915348,5313.421354552927,4077.7529245586675,1237.6289739538606,4.2932263758968965,3.294810488745626,0.18421052631435264,0.035052014179820505,9.526315789473683,0.0
9.526315789473683,0.20526315789473684,2583371.7170893885,1343078.505688238,6285.811578908919,4974.928271913507,1318.9522727969206,4.765761209523877,3.771878918229438,0.2052631578945343,0.03443335458586307,9.526315789473683,0.0
9.526315789473683,0.22631578947368422,2643821.163331754,1313626.3435251263,7017.113266131246,5648.56427076511,1384.3526094622866,5.068877118566525,4.080293006388841,0.22631578947283487,0.03365845784891698,9.526315789473683,0.0
9.526315789473683,0.24736842105263157,2689541.6626109416,1287340.1802082565,7563.487319304602,6152.8294286523815,1433.4257441401865,5.276511427413646,4.292394952305703,0.24736842105262757,0.03296863364965938,9.526315789473683,0.0
9.526315789473683,0.26842105263157895,2724611.584020166,1266517.6697632102,7978.358107069062,6536.947152388454,1469.7358615127457,5.428429907709558,4.447702014741759,0.26842105259236587,0.032423351866517076,9.526315789473683,0.0
9.526315789473683,0.2894736842105263,2751874.678277407,1249656.4905533253,8297.640846495986,6833.24899955528,1497.2427237912573,5.541947684664672,4.563888600675516,0.2894736828106142,0.03198255210375555,9.526315789473683,0.0
9.526315789473683,0.31052631578947365,2773451.117056043,1236842.6522381795,8549.414215069119,7067.571125869766,1518.1491423399227,5.63147188680811,4.655386568263327,0.31052631499791583,0.03164800528393417,9.526315789473683,0.0
9.526315789473683,0.3315789473684211,2790541.7247139965,1226046.8313486585,8747.263355646051,7251.924096782427,1534.5668512099146,5.7001513806644235,4.7257140287272055,0.33157894733421844,0.03136644121330635,9.526315789473683,0.0
9.526315789473683,0.3526315789473684,2804322.3193470594,1217441.6808707737,8905.92859407203,7399.991187641568,1547.5005637965828,5.755040613505523,4.781898863730746,0.3526315794610934,0.031142203963905827,9.526315789473683,5.684341886080802e-14
9.526315789473683,0.37368421052631584,2815510.3897036123,1210520.1094141635,9034.182408237426,7519.823657551194,1557.8049206922612,5.799302780622104,4.827192132766865,0.373684210526348,0.030961960935504722,9.526315789473683,0.0
9.526315789473683,0.39473684210526316,2825542.0015442874,1205864.861109031,9141.869644937266,7620.199716691129,1566.3847323662465,5.836286230348513,4.864832731853646,0.39473683991497227,0.030840795701711624,9.526315789473683,1.058907750343451
9.526315789473683,0.4157894736842105,2836021.9555467134,1201276.081281364,9226.419661969127,7697.225693316135,1575.1610225796776,5.857445384763778,4.886627832315335,0.4157894750503729,0.030721408117360433,9.526315789473683,2.8369616283287655
9.526315789473683,0.4368421052631579,2847347.103916773,1197530.7359224388,9297.444234486298,7760.283306694555,1584.151307731866,5.8690380073593245,4.898700817793387,0.4368421048412216,0.030623999288101587,9.526315789473683,4.3690190607694035
9.526315789473683,0.45789473684210524,2859506.0015172353,1194473.0890600411,9357.473560155147,7811.889609073931,1593.4106077640074,5.872606542569873,4.902621817006827,0.457894737232334,0.030544499355767134,9.526315789473683,5.688545019459241
9.526315789473683,0.4789473684210527,2872531.536175553,1191959.7571676685,9408.894700452074,7854.3950941460225,1603.0142034880873,5.869501767344755,4.899766375778337,0.47894736842114494,0.030479167456275748,9.526315789473683,6.834531376910718
9.526315789473683,0.5,2886440.8945321133,1189924.8610608296,9452.792546766312,7888.866320964621,1612.9981901212097,5.860386331900332,4.890809158547046,0.5000000000008323,0.03042628241914928,9.526315789473683,7.822112283791739
10.0,0.1,,,,,,,,,,,
10.0,0.12105263157894737,,,,,,,,,,,
10.0,0.14210526315789473,2266414.5276545295,1355839.7466867224,2397.8627506033363,1362.9411428624726,1034.9246413973176,2.31694430172793,1.3169472330103948,0.1421052631578849,0.03465704487728033,10.0,0.0
10.0,0.1631578947368421,2403666.5225708527,1355417.6741210404,4100.997259263442,2942.398578843344,1158.711738605504,3.5392730759756903,2.539370648289527,0.16315789461268534,0.0346459600065205,10.0,0.0
10.0,0.1842105263157895,2504677.3618835243,1350678.6035585958,5347.1681875974,4099.662106335022,1248.855505128502,4.281654815660358,3.282735344080646,0.18421052631290946,0.034521527568311276,10.0,0.0
10.0,0.20526315789473684,2582799.844798137,1332764.8756463667,6299.4650917364925,4980.779028876201,1324.7258704731623,4.755297101193068,3.759856389833452,0.2052631578944812,0.03405166018786612,10.0,5.684341886080802e-14
10.0,0.22631578947368422,2642514.3621319244,1306921.7631185798,7020.246998113778,5646.073719855155,1387.0267172986548,5.061363930888274,4.070630831719907,0.2263157894731402,0.03337515822379814,10.0,0.0
10.0,0.24736842105263157,2687982.797940937,1283294.0732666883,7562.51123736418,6147.331072718883,1434.311825942297,5.272571208423142,4.285909773267248,0.24736842115392116,0.03275802131537168,10.0,0.0
10.0,0.26842105263157895,2722695.6580932084,1262741.6782037364,7972.849614282359,6527.370199418954,1470.1098203692602,5.42330205799166,4.440056184223991,0.26842105257986926,0.03222225598792623,10.0,0.0
10.0,0.2894736842105263,2749910.342249822,1246923.6086453688,8291.186771145141,6823.019094849734,1497.0540908044318,5.538334801710424,4.5576303065866055,0.28947368401092294,0.03181056639576668,10.0,5.684341886080802e-14
10.0,0.31052631578947365,2771205.951837548,1233969.3208617382,8539.584514086922,7054.199194086877,1517.7726297460295,5.626392482460209,4.64773119229806,0.31052631474595593,0.03147383515691597,10.0,0.0
10.0,0.3315789473684211,2788480.8639714005,1224251.4748928088,8739.27468775401,7240.420788676183,1533.8765060674095,5.697508667213359,4.72034140951761,0.3315789473482253,0.03122147982239316,10.0,0.0
10.0,0.3526315789473684,2802152.900000591,1215727.0735213817,8896.63187430298,7387.280937976384,1546.691596737526,5.752039962633056,4.776182241862925,0.3526315794135788,0.031000290254159405,10.0,0.0
10.0,0.37368421052631584,2813251.4120274903,1208871.0312743273,9023.816423739632,7506.124253951104,1556.901522741141,5.796009761652717,4.821193983249199,0.3736842105263684,0.030822508080909153,10.0,0.0
10.0,0.39473684210526316,2822905.5222111335,1203432.3564939026,9125.651917418982,7600.865136708696,1565.4812287527855,5.829295011534161,4.855289860463088,0.39473684244256174,0.030681552924728357,10.0,1.1102648994713036
10.0,0.4157894736842105,2833400.3073754255,1199003.6086300265,9210.618170597067,7678.321204187109,1574.2025068342516,5.85097414761445,4.877594318934446,0.41578947368424046,0.030566820001293685,10.0,2.8902808426250317
10.0,0.4368421052631579,2844771.712201128,1195420.457381744,9281.467923265951,7741.192308730675,1583.1621709667309,5.862613504463906,4.889702679039917,0.4368421051884655,0.030474024781826186,10.0,4.412214872725542
10.0,0.45789473684210524,2856965.5505049163,1192496.794850437,9341.335145811116,7792.627920560195,1592.3950093367712,5.866217295984719,4.8936525641372155,0.45789473701265304,0.030398329543248514,10.0,5.722307274392051
10.0,0.4789473684210527,2869990.3070354564,1190095.0957556088,9392.583370765316,7834.972711429956,1601.9571448789823,5.863192658299774,4.890875349865766,0.4789473684045403,0.030336162183602296,10.0,6.859166143307789
10.0,0.5,2883915.2072570096,1188151.7626755657,9436.335800735851,7869.296966631665,1611.9186559434277,5.854101735185222,4.881944220706289,0.5000000029598322,0.030285868719774036,10.0,7.83887967066903
