DSH_target,DSC_target,P_cond [MPa],P_eva [MPa],Q_cond [kW],Q_eva [kW],W_comp [kW],COP_H,COP_R,mtot [kg],mdot [kg/s],DSH [K],DSC [K]
1.0,1.0,2.7596239352565552,1.3879200403636056,10.101634332908896,9.124330324321097,1.1143865511954454,9.06474896172471,8.187760624473686,0.037983953309105534,0.037983953309105534,1.0,1.0
1.0,1.4736842105263157,2.762067572466269,1.3868276602120315,10.131062416394712,9.152224697094422,1.116363918129464,9.075053619943152,8.19824480929976,0.03795235386447672,0.03795235386447672,1.0,1.4736842105263157
1.0,1.9473684210526314,2.7646635422332526,1.3857500014190025,10.160219823565797,9.179759194338216,1.1184245474549288,9.084403455455488,8.207759043940467,0.03792118490470514,0.03792118490470514,1.0,1.9473684210526314
1.0,2.4210526315789473,2.7674287315030695,1.3846872512937771,10.189111133584753,9.206928385967897,1.120578388780476,9.092725003088402,8.21622876020997,0.037890451654691494,0.037890451654691494,1.0,2.4210526315789473
1.0,2.894736842105263,2.770472705592042,1.3836428880514626,10.21771336844142,9.233642640177719,1.1228906875807971,9.099472888545272,8.223100202274424,0.03786025448686153,0.03786025448686153,1.0,2.894736842105263
1.0,3.3684210526315788,2.773660903785621,1.3826116990587582,10.246076344395547,9.260034642228378,1.1252806669655595,9.105351798165337,8.229088896727479,0.0378304424822693,0.0378304424822693,1.0,3.3684210526315788
1.0,3.8421052631578947,2.7770896871402586,1.3815967049771976,10.274180542958167,9.286026463038224,1.1278055356621222,9.109886605518664,8.233712434818385,0.03780110278719804,0.03780110278719804,1.0,3.8421052631578947
1.0,4.315789473684211,2.7806897015086602,1.380595096707934,10.30205444425644,9.311689437647145,1.1304235698675027,9.113446250474013,8.237345439230863,0.037772154020465444,0.037772154020465444,1.0,4.315789473684211
1.0,4.789473684210526,2.7847677032772284,1.3796171135871322,10.32962104230122,9.33676048151626,1.133316653911776,9.114505647338117,8.23843931816349,0.0377438919010058,0.0377438919010058,1.0,4.789473684210526
1.0,5.263157894736842,2.7891498172657845,1.3786562623580352,10.356938969425638,9.36140522191059,1.1363804688957646,9.113971291225736,8.237914570115048,0.03771612854542907,0.03771612854542907,1.0,5.263157894736842
1.0,5.7368421052631575,2.7940016790826503,1.3777177755448555,10.383972651584893,9.385488686227175,1.1397122678133533,9.111047537908437,8.234963289667954,0.03768901491877819,0.03768901491877819,1.0,5.7368421052631575
1.0,6.2105263157894735,2.7992752115289665,1.3767995329737548,10.41074497332491,9.409064443814966,1.1432822706888208,9.106014533972,8.229869984904132,0.03766248952878859,0.03766248952878859,1.0,6.2105263157894735
1.0,6.684210526315789,2.805194821759303,1.3759086118836343,10.437207376875971,9.431949953556838,1.147221449468364,9.097814011159482,8.221559976870825,0.03763675655705469,0.03763675655705469,1.0,6.684210526315789
1.0,7.157894736842105,2.811772366474583,1.375044815200929,10.463368386761612,9.454149225963075,1.1515345109331043,9.086456625848758,8.210044194248463,0.037611810022883635,0.037611810022883635,1.0,7.157894736842105
1.0,7.63157894736842,2.8191322210359346,1.3742116744905155,10.489208088650095,9.47557046430715,1.1562919150226412,9.071418689669475,8.194790901155448,0.03758775162211802,0.03758775162211802,1.0,7.63157894736842
1.0,8.105263157894736,2.8274090257999567,1.373412965234099,10.514705520830624,9.496115537631935,1.1615691544581876,9.052156284001184,8.175247682141995,0.037564690057168885,0.037564690057168885,1.0,8.105263157894736
1.0,8.578947368421051,2.8369133526813126,1.3726580699064115,10.539798603837268,9.515541750338262,1.1675431529643074,9.027331090142136,8.150055718436608,0.037542895864474485,0.037542895864474485,1.0,8.578947368421051
1.0,9.052631578947368,2.8477135787170624,1.3719482766152469,10.564486746653925,9.533814577063671,1.1742472753984052,8.996816060799073,8.119085968352778,0.037522405835266434,0.037522405835266434,1.0,9.052631578947368
1.0,9.526315789473683,2.860076336675227,1.3712911799355834,10.588723001102677,9.550737048836334,1.1818284747780596,8.959610660160457,8.081322503783728,0.03750343879765438,0.03750343879765438,1.0,9.526315789473683
1.0,10.0,2.87424894670804,1.3706935216694704,10.61246764986628,9.566134049308927,1.1904193092617625,8.91489878171381,8.035936560237213,0.037486188919271746,0.037486188919271746,1.0,10.0
1.4736842105263157,1.0,2.757974652771447,1.3881351006329516,10.095252732923893,9.110637561638296,1.113407374007543,9.066989287656272,8.182663214135111,0.0378426857105254,0.0378426857105254,1.4736842105263157,1.0
1.4736842105263157,1.4736842105263157,2.7604112295359458,1.3870466926695268,10.12457394491748,9.138427755617293,1.1153808837490753,9.077234595312628,8.193100571080922,0.037811374814370455,0.037811374814370455,1.4736842105263157,1.4736842105263157
1.4736842105263157,1.9473684210526314,2.7630001233031893,1.3859729369021347,10.153626226529484,9.165859748944237,1.117437768071344,9.086525009848435,8.202568421115897,0.037780489908058115,0.037780489908058115,1.4736842105263157,1.9473684210526314
1.4736842105263157,2.4210526315789473,2.7657583021500525,1.3849140234144035,10.182414179488466,9.192928055327815,1.1195880344276894,9.09478653431082,8.210991697519395,0.03775003627314695,0.03775003627314695,1.4736842105263157,2.4210526315789473
1.4736842105263157,2.894736842105263,2.7687946953715796,1.3838733978436502,10.210915346865065,9.219543892527753,1.1218966083686701,9.101476259664047,8.217819559980422,0.03772011279862038,0.03772011279862038,1.4736842105263157,2.894736842105263
1.4736842105263157,3.3684210526315788,2.7719763212241424,1.3828459195272258,10.239178505757723,9.245838068886872,1.124283583104636,9.10729166522462,8.223759741608156,0.03769057147148748,0.03769057147148748,1.4736842105263157,3.3684210526315788
1.4736842105263157,3.8421052631578947,2.7753989872184333,1.381834586222606,10.267184674128076,9.271733325258815,1.1268058856433074,9.111759891337819,8.228332353771357,0.037661498305126946,0.037661498305126946,1.4736842105263157,3.8421052631578947
1.4736842105263157,4.315789473684211,2.7790876959713393,1.3808398567211189,10.29493584440706,9.297217183304834,1.1294779364418892,9.114773748337605,8.231428771945001,0.03763290629515849,0.03763290629515849,1.4736842105263157,4.315789473684211
1.4736842105263157,4.789473684210526,2.7831668412332773,1.379865605614841,10.322407056395612,9.322189663767302,1.1323731111555393,9.115729572439271,8.23243643983598,0.0376049065962267,0.0376049065962267,1.4736842105263157,4.789473684210526
1.4736842105263157,5.263157894736842,2.787552448600708,1.3789084936078222,10.349630961780202,9.346735607636894,1.1354405954504623,9.11507920647685,8.231813839568394,0.03757740302429115,0.03757740302429115,1.4736842105263157,5.263157894736842
1.4736842105263157,5.7368421052631575,2.7924094517584925,1.3779737117338147,10.376572707702746,9.370721121765913,1.1387773075466459,9.112029752382211,8.22875645630309,0.03755054452963889,0.03755054452963889,1.4736842105263157,5.7368421052631575
1.4736842105263157,6.2105263157894735,2.797593670768718,1.3770559175249664,10.403279811533242,9.394282535109317,1.1422966119069358,9.107336661155053,8.224030814051543,0.03752417739657781,0.03752417739657781,1.4736842105263157,6.2105263157894735
1.4736842105263157,6.684210526315789,2.803516985559543,1.376168486491103,10.429655536677574,9.417075594094843,1.1462405637169055,9.099011033824704,8.215618860632679,0.037498685636829385,0.037498685636829385,1.4736842105263157,6.684210526315789
1.4736842105263157,7.157894736842105,2.8101026577734722,1.3753082259383618,10.4557317206125,9.439181240483252,1.150561371195936,9.0875045715679,8.203978924367867,0.037473977243370656,0.037473977243370656,1.4736842105263157,7.157894736842105
1.4736842105263157,7.63157894736842,2.8174761564394757,1.3744786909752267,10.481488602544156,9.460507100937503,1.1553301814127308,9.072288399604911,8.188574360075362,0.037450154038415694,0.037450154038415694,1.4736842105263157,7.63157894736842
1.4736842105263157,8.105263157894736,2.8257732803778666,1.3736836742383045,10.506905312972487,9.480954551499892,1.1606232084761283,9.052813381844924,8.168847979481788,0.03742732462968482,0.03742732462968482,1.4736842105263157,8.105263157894736
1.4736842105263157,8.578947368421051,2.8353137184903026,1.37293282700642,10.531918631886839,9.500274072171603,1.1666228178658649,9.027698130534741,8.143398128926293,0.03740576580046615,0.03740576580046615,1.4736842105263157,8.578947368421051
1.4736842105263157,9.052631578947368,2.8461637699642894,1.3722273549570325,10.556528720417543,9.518433243809882,1.173361090256612,8.9968286898868,8.112109156208868,0.03738551178186546,0.03738551178186546,1.4736842105263157,9.052631578947368
1.4736842105263157,9.526315789473683,2.8585916563014035,1.3715748723831913,10.580689140075437,9.535234629516106,1.1809859170999926,8.959200094491546,8.073961333028132,0.03736678078134913,0.03736678078134913,1.4736842105263157,9.526315789473683
1.4736842105263157,10.0,2.8728453419970985,1.370982106532919,10.604360784718049,9.55050347473566,1.1896301952976573,8.913997666362807,8.028127995142246,0.03734976549844177,0.03734976549844177,1.4736842105263157,10.0
1.9473684210526314,1.0,2.7563418475808956,1.3883475143754667,10.088943130010326,9.09704798989294,1.1124330653003682,9.06925858706493,8.177613803160952,0.0377034728613272,0.0377034728613272,1.9473684210526314,1.0
1.9473684210526314,1.4736842105263157,2.7587714563151087,1.3872630252141334,10.11815888103098,9.12473544966615,1.1144027508578465,9.079445356036864,8.188005137857115,0.03767244421749387,0.03767244421749387,1.9473684210526314,1.4736842105263157
1.9473684210526314,1.9473684210526314,2.761353369570374,1.3861931189582104,10.147107434230788,9.152066381864296,1.116455923697084,9.088677142425098,8.197427401842894,0.0376418371407419,0.0376418371407419,1.9473684210526314,1.9473684210526314
1.9473684210526314,2.4210526315789473,2.7641046374117777,1.3851379930934897,10.17579343049997,9.179035168360459,1.11860264757211,9.09687944381876,8.205804973091428,0.03761165710110093,0.03761165710110093,1.9473684210526314,2.4210526315789473
1.9473684210526314,2.894736842105263,2.76704387312007,1.3840978932520742,10.204220786072515,9.205634836090672,1.1208538542628637,9.103970823014551,8.213055431874135,0.037581910944968676,0.037581910944968676,1.9473684210526314,2.894736842105263
1.9473684210526314,3.3684210526315788,2.7703087267834445,1.3830772434819407,10.23235954805777,9.231751558806335,1.1232915386405857,9.10926433260686,8.218482238349857,0.03755272499332245,0.03755272499332245,1.9473684210526314,3.3684210526315788
1.9473684210526314,3.8421052631578947,2.7737253771046464,1.3820695188235925,10.26026895669185,9.25755163169315,1.125811305000691,9.113666660760305,8.223004681665964,0.03752391247347579,0.03752391247347579,1.9473684210526314,3.8421052631578947
1.9473684210526314,4.315789473684211,2.777408669667413,1.3810783519238659,10.287925088475337,9.282941452394802,1.1284813549798018,9.11661060510785,8.226047698024177,0.03749557707991595,0.03749557707991595,1.9473684210526314,4.315789473684211
1.9473684210526314,4.789473684210526,2.7814828515747236,1.3801075967279968,10.31530340899888,9.307821557014936,1.1313750452075082,9.117492428964548,8.226999169234608,0.037467828781279126,0.037467828781279126,1.9473684210526314,4.789473684210526
1.9473684210526314,5.263157894736842,2.7858651804706347,1.3791539685471692,10.342435897554633,9.332275390685991,1.134442244842903,9.116758428708593,8.226311593304885,0.037440573480466095,0.037440573480466095,1.9473684210526314,5.263157894736842
1.9473684210526314,5.7368421052631575,2.7907206854141284,1.37822264497846,10.36928820573601,9.356169424376288,1.1377800137015839,9.113614302294874,8.22317962321864,0.03741395894403726,0.03741395894403726,1.9473684210526314,5.7368421052631575
1.9473684210526314,6.2105263157894735,2.7960023989034823,1.3773115569702814,10.395882540392181,9.379555920303206,1.141359161140208,9.108335828317866,8.217882888794716,0.03738792582037041,0.03738792582037041,1.9473684210526314,6.2105263157894735
1.9473684210526314,6.684210526315789,2.80193788232495,1.3764278349619137,10.422170955392486,9.402250962283034,1.1453127474952887,9.09984716243225,8.209330580529238,0.037362677608137655,0.037362677608137655,1.9473684210526314,6.684210526315789
1.9473684210526314,7.157894736842105,2.808540519733759,1.3755713395264364,10.448161659558641,9.424257168876185,1.1496463506174468,9.0881527644977,8.19752714720892,0.0373382100520139,0.0373382100520139,1.9473684210526314,7.157894736842105
1.9473684210526314,7.63157894736842,2.8158378455629225,1.3747423949047752,10.47385900937545,9.445565207670722,1.1543735971847469,9.073196957136577,8.182416187191299,0.03731453215049498,0.03731453215049498,1.9473684210526314,7.63157894736842
1.9473684210526314,8.105263157894736,2.8242442794871505,1.3739539272440102,10.499174920813147,9.465841662279281,1.1597345209789323,9.053084762839333,8.162076312334966,0.037292012809598714,0.037292012809598714,1.9473684210526314,8.105263157894736
1.9473684210526314,8.578947368421051,2.8337323603238875,1.3732041996868467,10.52413077634422,9.485129900790884,1.1657078399370293,9.028103282648186,8.136798583514084,0.03727060207221722,0.03727060207221722,1.9473684210526314,8.578947368421051
1.9473684210526314,9.052631578947368,2.8446325714332272,1.3725030127989442,10.548663935156062,9.503176427083442,1.172480411953562,8.996878606765039,8.105189929142997,0.037250579457717786,0.037250579457717786,1.9473684210526314,9.052631578947368
1.9473684210526314,9.526315789473683,2.857125907259018,1.3718551058192898,10.572749657889906,9.519857785490117,1.180149007347308,8.958826039819254,8.06665745276393,0.03723207989742152,0.03723207989742152,1.9473684210526314,9.526315789473683
1.9473684210526314,10.0,2.8714609322685107,1.3712671931294098,10.59634947105715,9.534999568861334,1.1888468320861962,8.913132613107617,8.02037681517749,0.03721529469623584,0.03721529469623584,1.9473684210526314,10.0
2.4210526315789473,1.0,2.754725103221664,1.3885573315168123,10.082704247556492,9.08355946207441,1.1114636453018596,9.07155559264213,8.172610503699769,0.037566248198203284,0.037566248198203284,2.4210526315789473,1.0
2.4210526315789473,1.4736842105263157,2.7571478329246335,1.3874767113657407,10.111815898095324,9.111145551359613,1.1134295376777013,9.081684611300782,8.182956570707546,0.03753549581192397,0.03753549581192397,2.4210526315789473,1.4736842105263157
2.4210526315789473,1.9473684210526314,2.7597228640715183,1.3864106043227171,10.140662148933457,9.138376814666033,1.1154790346782073,9.09085857616215,8.192333993352253,0.03750516062859999,0.03750516062859999,2.4210526315789473,1.9473684210526314
2.4210526315789473,2.4210526315789473,2.7624673113586846,1.3853592134687522,10.169247469015271,9.165247470382509,1.1176222463571028,9.09900237057915,8.200666638711509,0.03747524825338661,0.03747524825338661,2.4210526315789473,2.4210526315789473
2.4210526315789473,2.894736842105263,2.7653998868108913,1.3843227901870965,10.197575871038925,9.191750456905181,1.1198701723251323,9.106034005590303,8.207871487299993,0.03744576566479853,0.03744576566479853,2.4210526315789473,2.894736842105263
2.4210526315789473,3.3684210526315788,2.7686576873534867,1.383305722740333,10.225617958234748,9.217772846114789,1.1223045516380081,9.111268365890895,8.213254443868566,0.03741683749656086,0.03741683749656086,2.4210526315789473,3.3684210526315788
2.4210526315789473,3.8421052631578947,2.77206841972083,1.3823015636684255,10.253431848235007,9.243478945989494,1.1248218074613252,9.11560549432853,8.217727363280439,0.0373882801831347,0.0373882801831347,2.4210526315789473,3.8421052631578947
2.4210526315789473,4.315789473684211,2.775746398910207,1.3813139130192935,10.280994192932612,9.268776000474476,1.1274898850268913,9.11848020054513,8.220717652161829,0.037360195942892395,0.037360195942892395,2.4210526315789473,4.315789473684211
2.4210526315789473,4.789473684210526,2.7798157552562697,1.3803466109808264,10.308280818413744,9.293564913935882,1.130382136070456,9.119288503840293,8.221613397256146,0.03733269377228566,0.03733269377228566,2.4210526315789473,4.789473684210526
2.4210526315789473,5.263157894736842,2.7841949067107783,1.3793964231255278,10.33532306637702,9.317927836331215,1.1334490731701088,9.118471496447983,8.220861489850789,0.037305681510407945,0.037305681510407945,2.4210526315789473,5.263157894736842
2.4210526315789473,5.7368421052631575,2.7890490638896366,1.378468516201144,10.362087084757798,9.341731538277273,1.136787947885589,9.115233059983744,8.217655329345085,0.03727930583337813,0.03727930583337813,2.4210526315789473,5.7368421052631575
2.4210526315789473,6.2105263157894735,2.7943311677359466,1.377560824691208,10.388594904720941,9.365028190287191,1.1403694827186963,9.109849975951676,8.212275347776325,0.037253507811872616,0.037253507811872616,2.4210526315789473,6.2105263157894735
2.4210526315789473,6.684210526315789,2.80027110982592,1.3766805351154372,10.414798720234284,9.38763247276628,1.144328230077319,9.101233760116699,8.203618704864063,0.03722849146121207,0.03722849146121207,2.4210526315789473,6.684210526315789
2.4210526315789473,7.157894736842105,2.806882723761664,1.3758275177311239,10.440706627919184,9.409546717890764,1.148670022839324,9.089387222025232,8.191688240136978,0.037204252830247565,0.037204252830247565,2.4210526315789473,7.157894736842105
2.4210526315789473,7.63157894736842,2.8142936578942095,1.3750053723252524,10.466299119976323,9.430677427598619,1.1534673718986035,9.073771287304668,8.175937748525783,0.03718089393607151,0.03718089393607151,2.4210526315789473,7.63157894736842
2.4210526315789473,8.105263157894736,2.822735900838725,1.374220987308373,10.49153351688931,9.450846392155283,1.1588529914069035,9.053377429825748,8.155345382231356,0.03715861018506964,0.03715861018506964,2.4210526315789473,8.105263157894736
2.4210526315789473,8.578947368421051,2.8321688200488766,1.3734722613500705,10.516433159063178,9.470106447836354,1.1647982387127247,9.028544866865012,8.130254779833999,0.03713734156494169,0.03713734156494169,2.4210526315789473,8.578947368421051
2.4210526315789473,9.052631578947368,2.8431195193173755,1.3727753252175907,10.540890486196664,9.48804129865377,1.1716052590996098,8.996964126208722,8.098325971962112,0.0371175459379084,0.0371175459379084,2.4210526315789473,9.052631578947368
2.4210526315789473,9.526315789473683,2.855678622273192,1.3721319578610034,10.56490263359683,9.504603636112517,1.1793177642673258,8.958486807972813,8.059408519142792,0.03709927343258115,0.03709927343258115,2.4210526315789473,9.526315789473683
2.4210526315789473,10.0,2.870181375220079,1.3715515786081753,10.58841268479722,9.519549418240247,1.1881190279969662,8.911912388650219,8.012285969604516,0.03708279116377643,0.03708279116377643,2.4210526315789473,10.0
2.894736842105263,1.0,2.7527135580605293,1.3877914001602563,10.070579582538798,9.064440583410766,1.1106702532257133,9.067119204184023,8.161234675264744,0.03740339919248107,0.03740339919248107,2.894736842105263,1.0
2.894736842105263,1.4736842105263157,2.755130027115846,1.3867208267216924,10.099597303823098,9.09193668684914,1.1126287223991598,9.077239424527301,8.171581861777042,0.03737309724445394,0.03737309724445394,2.894736842105263,1.4736842105263157
2.894736842105263,1.9473684210526314,2.757698792275816,1.3856646216429538,10.128351383354763,9.119079610230134,1.1146709280109444,9.086404901066299,8.180961197671603,0.03734320598557637,0.03734320598557637,2.894736842105263,1.9473684210526314
2.894736842105263,2.4210526315789473,2.760845919311496,1.3855777422653863,10.162774959573929,9.151562686574005,1.116646842182378,9.101154076352168,8.195574769806505,0.03734074742212805,0.03734074742212805,2.894736842105263,2.4210526315789473
2.894736842105263,2.894736842105263,2.763771925848469,1.384544944212592,10.191005651803314,9.177970344244281,1.118891517912317,9.108126649148433,8.202734757851227,0.03731152275691115,0.03731152275691115,2.894736842105263,2.894736842105263
2.894736842105263,3.3684210526315788,2.7670227894211754,1.38353141652338,10.218952298665554,9.203899593175294,1.1213226310338662,9.113302466074032,8.208074410028846,0.03728284706738337,0.03728284706738337,2.894736842105263,3.3684210526315788
2.894736842105263,3.8421052631578947,2.770427705107712,1.382530776899946,10.246671919970797,9.22951298372857,1.1238374072948196,9.117575063314082,8.212498466254884,0.03725453960324611,0.03725453960324611,2.894736842105263,3.8421052631578947
2.894736842105263,4.315789473684211,2.7741004650849197,1.3815465995401264,10.27414164712581,9.254718456733174,1.1265035360318962,9.120381178133208,8.215436668164292,0.03722670131797963,0.03722670131797963,2.894736842105263,4.315789473684211
2.894736842105263,4.789473684210526,2.7781651273033208,1.3805827094064116,10.30133772241559,9.27941731950731,1.1293943907465618,9.121116420284427,8.216277144225367,0.037199440209539504,0.037199440209539504,2.894736842105263,4.789473684210526
2.894736842105263,5.263157894736842,2.782541204596819,1.3796359190205782,10.32829090391999,9.303690514334555,1.132461090602066,9.12021701198495,8.215461521409363,0.03717266593455328,0.03717266593455328,2.894736842105263,5.263157894736842
2.894736842105263,5.7368421052631575,2.787394158738499,1.378711389407124,10.354967739143746,9.327404977608849,1.135801118046216,9.116884615289134,8.212181542534205,0.037146524241904164,0.037146524241904164,2.894736842105263,5.7368421052631575
2.894736842105263,6.2105263157894735,2.792676753746176,1.3778070541182128,10.38139015580538,9.350612905798679,1.1393850588970278,9.11139748124747,8.206718907522326,0.03712095649084185,0.03712095649084185,2.894736842105263,6.2105263157894735
2.894736842105263,6.684210526315789,2.7986213130598214,1.376930156817894,10.407510440253349,9.373127521827499,1.143349019359198,9.10265392634556,8.197958246451085,0.0370961672473858,0.0370961672473858,2.894736842105263,6.684210526315789
2.894736842105263,7.157894736842105,2.8052420745798003,1.3760805810603327,10.433336625631389,9.39495083275715,1.147699058554847,9.09065538379789,8.18590096657135,0.037072152963085046,0.037072152963085046,2.894736842105263,7.157894736842105
2.894736842105263,7.63157894736842,2.8126677791608206,1.3752619488459819,10.458849333028386,9.41598877928072,1.1525083738977957,9.074857562775396,8.169995977934411,0.037049015754286464,0.037049015754286464,2.894736842105263,7.63157894736842
2.894736842105263,8.105263157894736,2.821138040798527,1.374481372425703,10.484004825146107,9.436057424233374,1.1579142433136889,9.054215271714126,8.149185035697903,0.03702695633609391,0.03702695633609391,2.894736842105263,8.105263157894736
2.894736842105263,8.578947368421051,2.830698481627505,1.3737395203754692,10.508806634011801,9.455138316736045,1.163938411252964,9.028662111682706,8.12340088214609,0.037005993283678006,0.037005993283678006,2.894736842105263,8.578947368421051
2.894736842105263,9.052631578947368,2.8416241723710303,1.3730443629406113,10.533206536757099,9.473025163249995,1.1707356463481102,8.997083645324592,8.091515102319908,0.03698635148212514,0.03698635148212514,2.894736842105263,9.052631578947368
2.894736842105263,9.526315789473683,2.8542493537109017,1.372405499931928,10.557146197577378,9.489469461572607,1.1784922014366501,8.958180787880995,8.052212352363807,0.03696830179709605,0.03696830179709605,2.894736842105263,9.526315789473683
2.894736842105263,10.0,2.8688499792689144,1.3718303944846515,10.580583441546887,9.50427752056,1.1873565259906598,8.911041637404635,8.004569236380114,0.036952054677522383,0.036952054677522383,2.894736842105263,10.0
3.3684210526315788,1.0,2.750978557099884,1.3876385051702247,10.062299079902733,9.049050658257096,1.1097752353242325,9.06697028336817,8.153948989151232,0.0372600369402484,0.0372600369402484,3.3684210526315788,1.0
3.3684210526315788,1.4736842105263157,2.7533877306335532,1.3865721254866366,10.091207237193888,9.076440827809478,1.1117289546539975,9.077039142454076,8.164256934941783,0.037230012055311366,0.037230012055311366,3.3684210526315788,1.4736842105263157
3.3684210526315788,1.9473684210526314,2.7565089854066867,1.3868376851612194,10.127986665636977,9.111300532892496,1.113540162246702,9.09530433568066,8.182282814577018,0.03723748875919192,0.03723748875919192,3.3684210526315788,1.9473684210526314
3.3684210526315788,2.4210526315789473,2.759240071236494,1.3857936240319007,10.156374559829446,9.13797880218089,1.1156764445494762,9.10333332701195,8.190527681052652,0.03720809513438626,0.03720809513438626,3.3684210526315788,2.4210526315789473
3.3684210526315788,2.894736842105263,2.7621596018235124,1.3847644136361401,10.184508814219036,9.164292250668051,1.1179178972364996,9.110247576673752,8.197643380897865,0.03717912330539362,0.03717912330539362,3.3684210526315788,2.894736842105263
3.3684210526315788,3.3684210526315788,2.765403639321394,1.383754378655348,10.212361188421363,9.190129607214612,1.120345783503871,9.115365397709892,8.202940326577183,0.03715069482626059,0.03715069482626059,3.3684210526315788,3.3684210526315788
3.3684210526315788,3.8421052631578947,2.7688028313223803,1.3827572158009738,10.239987712131601,9.215651465674577,1.12285810639003,9.119574106342776,8.207316145494769,0.037122632113899975,0.037122632113899975,3.3684210526315788,3.8421052631578947
3.3684210526315788,4.315789473684211,2.77191180541408,1.3804902419770653,10.259239904073008,9.232962646155787,1.1257261084817671,9.113442272303104,8.201784232052685,0.03705884648398186,0.03705884648398186,3.3684210526315788,4.315789473684211
3.3684210526315788,4.789473684210526,2.775973032065346,1.3795357150262992,10.286348063820512,9.2575757646603,1.1286115606999694,9.114161525548148,8.202623548281496,0.03703199436799316,0.03703199436799316,3.3684210526315788,4.789473684210526
3.3684210526315788,5.263157894736842,2.7803473384958166,1.378598172618518,10.313214852507576,9.281763591540855,1.1316740069745674,9.11323825496272,8.201799753583497,0.037005623116194084,0.037005623116194084,3.3684210526315788,5.263157894736842
3.3684210526315788,5.7368421052631575,2.7857555606512445,1.3789513257336088,10.347928619463266,9.313187357933732,1.1348195278171624,9.118567636360309,8.206756342876604,0.03701555627257251,0.03701555627257251,3.3684210526315788,5.7368421052631575
3.3684210526315788,6.2105263157894735,2.7904870478054864,1.3767874148723405,10.366146178077683,9.328515124017722,1.13859462243397,9.104334390687711,8.19300824034825,0.036954698605222706,0.036954698605222706,3.3684210526315788,6.2105263157894735
3.3684210526315788,6.684210526315789,2.796440599821022,1.37591943106593,10.392184586082553,9.350942006400901,1.1425613244746724,9.095515805999018,8.184192660906218,0.036930292036988326,0.036930292036988326,3.3684210526315788,6.684210526315789
3.3684210526315788,7.157894736842105,2.803076337218394,1.375078697466699,10.417930135744214,9.372675083236729,1.1469178594357137,9.083414343961705,8.172054350821695,0.03690665418743736,0.03690665418743736,3.3684210526315788,7.157894736842105
3.3684210526315788,7.63157894736842,2.8105243964372137,1.3742688445740456,10.443363450143766,9.393619466578947,1.1517382502590623,9.06747991376923,8.156036724894763,0.03688388687713772,0.03688388687713772,3.3684210526315788,7.63157894736842
3.3684210526315788,8.105263157894736,2.819035476247227,1.3734972731564026,10.468438800510782,9.413582578042009,1.1571663038580766,9.04661565550971,8.135029983725278,0.036862197873328666,0.036862197873328666,3.3684210526315788,8.105263157894736
3.3684210526315788,8.578947368421051,2.8286402547590823,1.3727641558992607,10.493163287861872,9.432558612246696,1.1632149118727628,9.02082941059275,8.109042031674425,0.03684159172329134,0.03684159172329134,3.3684210526315788,8.578947368421051
3.3684210526315788,9.052631578947368,2.8397237084709177,1.3720808731864966,10.517464820790597,9.450251764964776,1.1701029989177298,8.98849488508155,8.076427266407874,0.03682238796854596,0.03682238796854596,3.3684210526315788,9.052631578947368
3.3684210526315788,9.526315789473683,2.8524501561327806,1.3714515171642014,10.541324048135184,9.466554391454403,1.1779173141484924,8.949120554998743,8.036688380200697,0.03680470125328572,0.03680470125328572,3.3684210526315788,9.526315789473683
3.3684210526315788,10.0,2.867106544455835,1.3708838715030336,10.564696364245721,9.481263427300378,1.1868130210190269,8.90173614304856,7.988843448279269,0.036788749946290694,0.036788749946290694,3.3684210526315788,10.0
3.8421052631578947,1.0,2.7492586247572697,1.3874814622704528,10.054080077706699,9.033750059807709,1.1088863227054178,9.066826663690057,8.146687243618908,0.0371185366093748,0.0371185366093748,3.8421052631578947,1.0
3.8421052631578947,1.4736842105263157,2.751660590540424,1.3864192252512832,10.082879989605646,9.061035625347156,1.1108353262102726,9.076844921744085,8.156956671750617,0.037088783113710735,0.037088783113710735,3.8421052631578947,1.4736842105263157
3.8421052631578947,1.9473684210526314,2.7542148588606157,1.385371214300511,10.111419802390358,9.08797137792343,1.1128682816088735,9.085908880224604,8.16625968060205,0.037059431831616335,0.037059431831616335,3.8421052631578947,1.9473684210526314
3.8421052631578947,2.4210526315789473,2.756938815633886,1.3843376328561623,10.139704049225339,9.114551471278906,1.1149954846041037,9.093941804459948,8.17451872867016,0.03703048830645111,0.03703048830645111,3.8421052631578947,2.4210526315789473
3.8421052631578947,2.894736842105263,2.7598514629505324,1.3833187490693823,10.16773654967536,9.140768407828299,1.1172281259417385,9.10085980972304,8.181649025460512,0.03700195989282259,0.03700195989282259,3.8421052631578947,2.894736842105263
3.8421052631578947,3.3684210526315788,2.763088488100185,1.3823188313250299,10.195489475304312,9.166511594663705,1.1196472662976849,9.105983448713747,8.186963761341039,0.036973965928808694,0.036973965928808694,3.8421052631578947,3.3684210526315788
3.8421052631578947,3.8421052631578947,2.766481935382634,1.381331687888779,10.223017955797758,9.191939837032145,1.122151715897922,9.110192330470674,8.191352120044614,0.036946332906221,0.036946332906221,3.8421052631578947,3.8421052631578947
3.8421052631578947,4.315789473684211,2.7701446733476898,1.3803608143881003,10.250299977277074,9.216962486703013,1.1248086843844158,9.112927486763535,8.19424904400277,0.03691915853130708,0.03691915853130708,3.8421052631578947,4.315789473684211
3.8421052631578947,4.789473684210526,2.774201248932386,1.3794100048606017,10.277312293855566,9.241481007892428,1.1276919187451777,9.113581575800856,8.195040555203896,0.0368925488179824,0.0368925488179824,3.8421052631578947,4.789473684210526
3.8421052631578947,5.263157894736842,2.7785724798516664,1.3784761578746265,10.304084760549323,9.265574666935425,1.130753252901907,9.112584672301804,8.194161408031974,0.036866416788783836,0.036866416788783836,3.8421052631578947,5.263157894736842
3.8421052631578947,5.7368421052631575,2.783425966979841,1.3775644374264984,10.33058431164779,9.289109441260045,1.1340915466848214,9.10912733795272,8.19079329919528,0.03684090676339394,0.03684090676339394,3.8421052631578947,5.7368421052631575
3.8421052631578947,6.2105263157894735,2.7887122574107623,1.3766727306888198,10.356833052522742,9.312139072788097,1.1376760165693178,9.103499503974739,8.185229307082535,0.036815959429236794,0.036815959429236794,3.8421052631578947,6.2105263157894735
3.8421052631578947,6.684210526315789,2.7946714680801383,1.3758084456872004,10.382782674648125,9.334471346228934,1.1416475316464478,9.094560612481162,8.17631632134925,0.03679178182699714,0.03679178182699714,3.8421052631578947,6.684210526315789
3.8421052631578947,7.157894736842105,2.8013178637201346,1.3749714627477705,10.408441241442882,9.356108341839889,1.1460121279553326,9.082313343413906,8.164057005690394,0.03676837036918671,0.03676837036918671,3.8421052631578947,7.157894736842105
3.8421052631578947,7.63157894736842,2.808782765273163,1.3741654380994126,10.4337895035244,9.376954535424629,1.1508445539498295,9.066202266600165,8.14788974170478,0.03674582707856692,0.03674582707856692,3.8421052631578947,7.63157894736842
3.8421052631578947,8.105263157894736,2.8173256968525977,1.3733980245408837,10.458780495075214,9.39681078206461,1.1562938714711655,9.045088582687368,8.126663138073148,0.03672436570973065,0.03672436570973065,3.8421052631578947,8.105263157894736
3.8421052631578947,8.578947368421051,2.8269657898941034,1.3726690231782133,10.483424081155604,9.415680973977366,1.1623661217593053,9.019037878778128,8.1004433953445,0.03670398040185208,0.03670398040185208,3.8421052631578947,8.578947368421051
3.8421052631578947,9.052631578947368,2.838107384239767,1.3719903766840194,10.507644993407546,9.433254595635937,1.1692916508582158,8.986333722382549,8.06749504173085,0.03668500478711027,0.03668500478711027,3.8421052631578947,9.052631578947368
3.8421052631578947,9.526315789473683,2.8509087543737484,1.3713659671298326,10.531425825614553,9.449429565296919,1.1771535644343303,8.946518231608403,8.027355011950162,0.03666754705482728,0.03666754705482728,3.8421052631578947,9.526315789473683
3.8421052631578947,10.0,2.865761109391743,1.3708067781577364,10.554700610646055,9.463919859528168,1.1861673275407376,8.898154893988652,7.978570678682886,0.03665191392072546,0.03665191392072546,3.8421052631578947,10.0
4.315789473684211,1.0,2.7476244331920294,1.387322869258996,10.045900570959256,9.01847218079976,1.1080463660544984,9.066317871453727,8.139074732867446,0.03697891313442533,0.03697891313442533,4.315789473684211,1.0
4.315789473684211,1.4736842105263157,2.7500246295911692,1.3862648965839233,10.07459236189443,9.045650013270937,1.109993864939506,9.076259500266238,8.149279287921036,0.036949430325303956,0.036949430325303956,4.315789473684211,1.4736842105263157
4.315789473684211,1.9473684210526314,2.752577364812384,1.385221084332967,10.103025771875998,9.072479550389621,1.112025552527763,9.085246061936841,8.158517157961725,0.0369203457421011,0.0369203457421011,4.315789473684211,1.9473684210526314
4.315789473684211,2.4210526315789473,2.755300126220883,1.3841916429303476,10.131205281190947,9.098954800249876,1.1141517897176394,9.093200203680066,8.16671021329673,0.036891665098988065,0.036891665098988065,4.315789473684211,2.4210526315789473
4.315789473684211,2.894736842105263,2.7581181320438795,1.3831736051522128,10.159160295238411,9.125151524220103,1.1163274400500947,9.100520090039641,8.174260702407006,0.03686330559494207,0.03686330559494207,4.315789473684211,2.894736842105263
4.315789473684211,3.3684210526315788,2.761348057478,1.3821774938301237,10.186813549182485,9.15079823664457,1.1187424133392128,9.105593412496958,8.179539925845258,0.036835560196101645,0.036835560196101645,4.315789473684211,3.3684210526315788
4.315789473684211,3.8421052631578947,2.7647355106225873,1.3811941333495568,10.21424356668465,9.176130465259044,1.121243461988324,9.109746377982459,8.183887600099647,0.03680817315493705,0.03680817315493705,4.315789473684211,3.8421052631578947
4.315789473684211,4.315789473684211,2.7683929146187807,1.3802269932680917,10.241428812545276,9.201058253688501,1.1238975727374756,9.112421862074356,8.186740924511028,0.036781240958327285,0.036781240958327285,4.315789473684211,4.315789473684211
4.315789473684211,4.789473684210526,2.772444973772174,1.379279860705257,10.268346367099042,9.225483246590056,1.1267786365035863,9.113011229039538,8.187485054932255,0.036754868893208295,0.036754868893208295,4.315789473684211,4.789473684210526
4.315789473684211,5.263157894736842,2.7768132320969756,1.3783496680989547,10.295025591148887,9.249483824098753,1.1298388851109789,9.111941292530089,8.186551149892685,0.03672897137205868,0.03672897137205868,4.315789473684211,5.263157894736842
4.315789473684211,5.7368421052631575,2.7816661144239703,1.3774415904068298,10.321433741900805,9.272925702988141,1.1331777329395596,9.10839795194892,8.183116763981394,0.03670369229117882,0.03670369229117882,4.315789473684211,5.7368421052631575
4.315789473684211,6.2105263157894735,2.7869533431415108,1.376553493667177,10.347592927674171,9.29586316635884,1.1367638774073898,9.102675703659639,8.177479379059665,0.0366789720558074,0.0366789720558074,4.315789473684211,6.2105263157894735
4.315789473684211,6.684210526315789,2.7929183945564358,1.375692870171646,10.373454780954331,9.318101816703322,1.14074027176203,9.093616695876884,8.16846923648118,0.03665501900655778,0.03665501900655778,4.315789473684211,6.684210526315789
4.315789473684211,7.157894736842105,2.7995756499425792,1.3748596031861218,10.399027369609312,9.339643674186018,1.1451130040969337,9.081223715392403,8.15608908533137,0.03663182966141328,0.03663182966141328,4.315789473684211,7.157894736842105
4.315789473684211,7.63157894736842,2.8070576177870805,1.3740573705795363,10.424291562758006,9.360392620621784,1.1499575515034481,9.064935961444268,8.13977229714615,0.036609506133681,0.036609506133681,4.315789473684211,7.63157894736842
4.315789473684211,8.105263157894736,2.815632766973457,1.3732940830710534,10.44919920886931,9.380142861121948,1.15542830416749,9.043572129209846,8.118325323422413,0.036588268277301404,0.036588268277301404,4.315789473684211,8.105263157894736
4.315789473684211,8.578947368421051,2.82530846245953,1.3725691605500803,10.473762878487435,9.39890814527389,1.1615243152665713,9.017256669382503,8.091873774606974,0.03656809966064365,0.03656809966064365,4.315789473684211,8.578947368421051
4.315789473684211,9.052631578947368,2.836508634991221,1.3718951209582393,10.497904207195678,9.416363055596111,1.1684874932665827,8.984181916956684,8.058591221436231,0.036549348238509353,0.036549348238509353,4.315789473684211,9.052631578947368
4.315789473684211,9.526315789473683,2.849468354815442,1.3712782133237689,10.521590001504311,9.432344178360195,1.1764455107528686,8.94354214057139,8.017663454998393,0.036532187498968784,0.036532187498968784,4.315789473684211,9.526315789473683
4.315789473684211,10.0,2.8643488813895264,1.370722195876983,10.544804578051624,9.446752677067238,1.1854799015807236,8.894966978344499,7.968716014899029,0.03651672162933859,0.03651672162933859,4.315789473684211,10.0
4.789473684210526,1.0,2.7459129049949103,1.3871570018684005,10.037807805814916,9.003364146912814,1.1071571423921607,9.06629006983317,8.131965917195679,0.03684095199584483,0.03684095199584483,4.789473684210526,1.0
4.789473684210526,1.4736842105263157,2.74830609807158,1.3861030820155482,10.066393715920128,9.030439723207865,1.1091000287670378,9.076181998760488,8.14213280045336,0.036811730037309726,0.036811730037309726,4.789473684210526,1.4736842105263157
4.789473684210526,1.9473684210526314,2.750851843865306,1.3850632563206355,10.094722940110398,9.057168588514848,1.1111272132267098,9.08511898542684,8.151333601319026,0.03678290236152258,0.03678290236152258,4.789473684210526,1.9473684210526314
4.789473684210526,2.4210526315789473,2.753567712592722,1.3840377362013991,10.122799935282028,9.083544697068021,1.113249114174941,9.093023121589733,8.15948971475273,0.03675447468570426,0.03675447468570426,4.789473684210526,2.4210526315789473
4.789473684210526,2.894736842105263,2.7564729226280864,1.3830267961665748,10.150628493732167,9.10956038623945,1.1154770660510178,9.099809223032395,8.166515174076032,0.036726454474984294,0.036726454474984294,4.789473684210526,2.894736842105263
4.789473684210526,3.3684210526315788,2.759702360560009,1.3820346508449504,10.178181845694764,9.13510648099353,1.1178917557100094,9.104800884080472,8.171727212704532,0.03669895838241485,0.03669895838241485,4.789473684210526,3.3684210526315788
4.789473684210526,3.8421052631578947,2.7630907396562203,1.3810552425028022,10.205513142018287,9.160338327815936,1.1203934571063996,9.108865351977066,8.176001269655766,0.03667181837300252,0.03667181837300252,4.789473684210526,3.8421052631578947
4.789473684210526,4.315789473684211,2.766656182031879,1.3800888580179933,10.232625165316874,9.185248010382525,1.1229927538300313,9.11192448073945,8.179258485022018,0.03664504227354084,0.03664504227354084,4.789473684210526,4.315789473684211
4.789473684210526,4.789473684210526,2.7707038563451687,1.379145362586607,10.259449009982758,9.209580520204435,1.1258716938777462,9.112449549776843,8.179955647063695,0.03661890325638436,0.03661890325638436,4.789473684210526,4.789473684210526
4.789473684210526,5.263157894736842,2.7750692418080303,1.3782187850812504,10.286036037925598,9.233489063433504,1.128930882562912,9.111307163972802,8.178967557758302,0.03659323571270615,0.03659323571270615,4.789473684210526,5.263157894736842
4.789473684210526,5.7368421052631575,2.7799216714625965,1.3773143125183067,10.312353804922179,9.256839042255512,1.1322703391268614,9.107678130007754,8.17546722048184,0.03656818315594021,0.03656818315594021,4.789473684210526,5.7368421052631575
4.789473684210526,6.2105263157894735,2.785209946749348,1.3764297873934317,10.338424444537113,9.279685353544966,1.1358581839751851,9.101862002134393,8.16975700352721,0.03654368564262851,0.03654368564262851,4.789473684210526,6.2105263157894735
4.789473684210526,6.684210526315789,2.791181017142181,1.3755727896893466,10.364199518720918,9.301831332646536,1.1398395228670908,9.092683058270667,8.160649938904742,0.036519952903608544,0.036519952903608544,4.789473684210526,6.684210526315789
4.789473684210526,7.157894736842105,2.797849330771647,1.3747432029691882,10.389687099845691,9.32327898723383,1.144220466574688,9.080144433133606,8.148149119499482,0.036496981487782965,0.036496981487782965,4.789473684210526,7.157894736842105
4.789473684210526,7.63157894736842,2.8053485894522625,1.3739447298857803,10.414868208603155,9.343931584602082,1.1490772226474084,9.06367997148868,8.13168288470134,0.03647487368921689,0.03647487368921689,4.789473684210526,7.63157894736842
4.789473684210526,8.105263157894736,2.8139563172082562,1.3731855355132427,10.439693484988142,9.36357666958832,1.154569581400816,9.042065245060305,8.110015039741201,0.0364538553101958,0.0364538553101958,4.789473684210526,8.105263157894736
4.789473684210526,8.578947368421051,2.8236678916948907,1.3724646590436087,10.464178190590024,9.382237914067678,1.160689465645016,9.015484761701435,8.083331667746117,0.03643389946791456,0.03643389946791456,4.789473684210526,8.578947368421051
4.789473684210526,9.052631578947368,2.834927083553711,1.3717951958135137,10.488240960220109,9.399574937565765,1.1676905043078538,8.982038409601518,8.049714288922255,0.036415368369156806,0.036415368369156806,4.789473684210526,9.052631578947368
4.789473684210526,9.526315789473683,2.8479786557445292,1.371183660097538,10.511847338423937,9.415417426775297,1.1757059075022176,8.940881619584879,8.008310043094292,0.03639844198315909,0.03639844198315909,4.789473684210526,9.526315789473683
4.789473684210526,10.0,2.862954821187394,1.3706328758013993,10.53498825727492,9.429690689716667,1.1848001122189737,8.891785330391539,7.958887404269489,0.03638319812462685,0.03638319812462685,4.789473684210526,10.0
5.263157894736842,1.0,2.7436841939514456,1.3857068418890226,10.021979106523153,8.980839752747984,1.106506506117631,9.057316022195836,8.116391275690562,0.03666937105584524,0.03666937105584524,5.263157894736842,1.0
5.263157894736842,1.4736842105263157,2.7460752701295505,1.3846749282262645,10.050532472038991,9.00788563249555,1.108438254120403,9.06729124033576,8.1266462962736,0.03664090557614047,0.03664090557614047,5.263157894736842,1.4736842105263157
5.263157894736842,1.9473684210526314,2.748618917377627,1.3836568029234255,10.078830799253543,9.034586347902684,1.1104545201898708,9.076311200507533,8.135935496356849,0.03661282371444675,0.03661282371444675,5.263157894736842,1.9473684210526314
5.263157894736842,2.4210526315789473,2.7513328058628654,1.3826526787364475,10.10687844488223,9.060935684216902,1.1125657853943371,9.08429737599737,8.144179699904532,0.03658513120458858,0.03658513120458858,5.263157894736842,2.4210526315789473
5.263157894736842,2.894736842105263,2.754236275303995,1.3816628277687526,10.134679157243047,9.086925862604025,1.114783461720707,9.091163894376239,8.1512923133772,0.03655783541612994,0.03655783541612994,5.263157894736842,2.894736842105263
5.263157894736842,3.3684210526315788,2.7574639220689843,1.380691374183772,10.162206161579041,9.112447858500728,1.1171881016207865,9.096235581846948,8.156592292095336,0.03653104992270539,0.03653104992270539,5.263157894736842,3.3684210526315788
5.263157894736842,3.8421052631578947,2.7608516678153388,1.3797324209331514,10.189512229977273,9.137655919897998,1.1196806504191117,9.100373598635647,8.160948317252467,0.036504611985064224,0.036504611985064224,5.263157894736842,3.8421052631578947
5.263157894736842,4.315789473684211,2.764511204212289,1.3787893314805082,10.21657633507276,9.162461012772583,1.1223277290171674,9.103024073030353,8.163801691682547,0.036478614203896184,0.036478614203896184,5.263157894736842,4.315789473684211
5.263157894736842,4.789473684210526,2.7685678915377636,1.377865826791412,10.243375729592085,9.186764493631122,1.1252037036944542,9.103574486965645,8.164534531363188,0.0364531589960627,0.0364531589960627,5.263157894736842,4.789473684210526
5.263157894736842,5.263157894736842,2.773271752030055,1.378119070153456,10.27615686124275,9.216672630894037,1.1279724565449838,9.11029059407971,8.171008589274425,0.03646013905598613,0.03646013905598613,5.263157894736842,5.263157894736842
5.263157894736842,5.7368421052631575,2.7777128683347527,1.3760706456478755,10.296257492896917,9.234045875326638,1.13154300502275,9.09930727086233,8.160578815244397,0.036403684763309005,0.036403684763309005,5.263157894736842,5.7368421052631575
5.263157894736842,6.2105263157894735,2.7834817237007625,1.3763016908353647,10.3293262751869,9.263603663062451,1.1349589125599966,9.101057457567538,8.162060811670797,0.03641005168230253,0.03641005168230253,5.263157894736842,6.2105263157894735
5.263157894736842,6.684210526315789,2.78945898795538,1.3754482874404568,10.355015547535077,9.285657866564515,1.1389452593739269,9.091758767429424,8.152857031661734,0.03638653524687583,0.03638653524687583,5.263157894736842,6.684210526315789
5.263157894736842,7.157894736842105,2.7961385572213064,1.3746223459741986,10.380419074824527,9.307012234657954,1.1433344908414051,9.079074547279115,8.140235695862474,0.036363777712950233,0.036363777712950233,5.263157894736842,7.157894736842105
5.263157894736842,7.63157894736842,2.8036553252589824,1.3738275960081265,10.40551802371528,9.327569393259122,1.1482035428358377,9.06243330169117,8.123620112007192,0.036341881616348055,0.036341881616348055,5.263157894736842,7.63157894736842
5.263157894736842,8.105263157894736,2.812295985571156,1.3730724668106962,10.43026189584714,9.34711011065263,1.1537176745188318,9.040566965568221,8.10173088017476,0.036321078928713106,0.036321078928713106,5.263157894736842,8.105263157894736
5.263157894736842,8.578947368421051,2.822043723761921,1.372355603868557,10.454668595092608,9.36566817868885,1.1598615512119794,9.013721149880485,8.074815626832649,0.03630133206000106,0.03630133206000106,5.263157894736842,8.578947368421051
5.263157894736842,9.052631578947368,2.833362367368983,1.3716906870514143,10.478653793349075,9.382888113849933,1.1669006589904447,8.979902198713969,8.040862811721803,0.03628301753878022,0.03628301753878022,5.263157894736842,9.052631578947368
5.263157894736842,9.526315789473683,2.8465063687914536,1.3710844905355175,10.502181810902407,9.398592785282231,1.1749737470628363,8.93822677924119,7.998981091089523,0.03626632161119503,0.03626632161119503,5.263157894736842,9.526315789473683
5.263157894736842,10.0,2.8615785556138063,1.3705389073837908,10.525250161616944,9.41273171162577,1.184127930671125,8.888608983027346,7.949083429094475,0.036251296079089855,0.036251296079089855,5.263157894736842,10.0
5.7368421052631575,1.0,2.7417927070161574,1.3850255457049196,10.010922186637435,8.962933956938496,1.1057238019842617,9.053727674734388,8.105942859197011,0.03652100796145217,0.03652100796145217,5.7368421052631575,1.0
5.7368421052631575,1.4736842105263157,2.74417609619615,1.3839981549766571,10.03936056892003,8.989869694744748,1.1076495711902816,9.06366131495155,8.116167719980446,0.036492807809009896,0.036492807809009896,5.7368421052631575,1.4736842105263157
5.7368421052631575,1.9473684210526314,2.7467120819330932,1.3829844800831215,10.067545663294485,9.01646193760069,1.109659959388077,9.072640296804295,8.125427849602527,0.036464987287232145,0.036464987287232145,5.7368421052631575,1.9473684210526314
5.7368421052631575,2.4210526315789473,2.749418426939391,1.3819847366389888,10.095481814537932,9.042704397973784,1.1117655076853878,9.080585559409885,8.133643592523406,0.03643755218395899,0.03643755218395899,5.7368421052631575,2.4210526315789473
5.7368421052631575,2.894736842105263,2.7523145828007274,1.3809991985069714,10.123172798993087,9.0685892522119,1.11397770063084,9.087410630626076,8.140727814458408,0.03641050988447846,0.03641050988447846,5.7368421052631575,2.894736842105263
5.7368421052631575,3.3684210526315788,2.7555348598960823,1.3800319661187814,10.150592299853983,9.09400807612934,1.116376953178537,9.092441644332876,8.146001267974023,0.03638397275340095,0.03638397275340095,5.7368421052631575,3.3684210526315788
5.7368421052631575,3.8421052631578947,2.758916324363785,1.3790772048330244,10.177792159522909,9.119113525130311,1.11886485388195,9.096533977459941,8.150326193097543,0.03635778057304822,0.03635778057304822,5.7368421052631575,3.8421052631578947
5.7368421052631575,4.315789473684211,2.7625703404811093,1.378138253814552,10.204751791879714,9.143817182669629,1.1215078543318533,9.099135376059646,8.15314591632274,0.0363320248230601,0.0363320248230601,5.7368421052631575,4.315789473684211
5.7368421052631575,4.789473684210526,2.7666227995620263,1.3772188377788523,10.231448691338551,9.168020290274818,1.1243806695695586,9.099630550617176,8.15384018811402,0.03630680752122041,0.03630680752122041,5.7368421052631575,4.789473684210526
5.7368421052631575,5.263157894736842,2.7709965425012046,1.3763160147975515,10.257911244533553,9.191799528376523,1.1274362150791113,9.098440432671186,8.152833309271996,0.03628204782493045,0.03628204782493045,5.7368421052631575,5.263157894736842
5.7368421052631575,5.7368421052631575,2.775864009006238,1.375434947356836,10.284106766790863,9.215018124711104,1.1307764470792334,9.094730256678451,8.149283749686564,0.03625788715549954,0.03625788715549954,5.7368421052631575,5.7368421052631575
5.7368421052631575,6.2105263157894735,2.7811708576428256,1.374573426780775,10.310057906001106,9.237733439781886,1.1343675603707666,9.088815888415636,8.143509883835664,0.03623426477957834,0.03623426477957834,5.7368421052631575,6.2105263157894735
5.7368421052631575,6.684210526315789,2.7870740900823,1.3737360028265422,10.3357375350418,9.259824639171766,1.1383013826012407,9.079965721751671,8.134774129862919,0.036211305276915275,0.036211305276915275,5.7368421052631575,6.684210526315789
5.7368421052631575,7.157894736842105,2.793776082188055,1.3729285306950423,10.361110342144729,9.281136206650064,1.1426956994384414,9.067252416576453,8.122141538828862,0.03618916897212253,0.03618916897212253,5.7368421052631575,7.157894736842105
5.7368421052631575,7.63157894736842,2.801323653538803,1.372151847573926,10.386177996897983,9.30164492924518,1.1475750296773575,9.050543736402206,8.105478673460116,0.03616787859231083,0.03616787859231083,5.7368421052631575,7.63157894736842
5.7368421052631575,8.105263157894736,2.810017153520711,1.3714146236256335,10.41088702907208,9.321120488186002,1.153112682257803,9.02850795872567,8.083442868684074,0.03614767155546761,0.03614767155546761,5.7368421052631575,8.105263157894736
5.7368421052631575,8.578947368421051,2.8199196423699853,1.370717982314728,10.435238409985054,9.339531910534744,1.159340090966612,9.001015742744274,8.05590351209869,0.036128578386677004,0.036128578386677004,5.7368421052631575,8.578947368421051
5.7368421052631575,9.052631578947368,2.8313221104410045,1.3700699674376202,10.459185106989342,9.3566651095797,1.1664209994277845,8.966903984170674,8.021687807549617,0.03611081926419775,0.03611081926419775,5.7368421052631575,9.052631578947368
5.7368421052631575,9.526315789473683,2.8445055219871667,1.3694780714836279,10.482685129527237,9.372320382996215,1.174510021750901,8.925155967507347,7.979770465495413,0.03609459921538806,0.03609459921538806,5.7368421052631575,9.526315789473683
5.7368421052631575,10.0,2.859794477472096,1.3689508522155096,10.505690055585648,9.38626969140091,1.1837832374720956,8.87467377728711,7.929044266114779,0.036080152429948865,0.036080152429948865,5.7368421052631575,10.0
6.2105263157894735,1.0,2.739913206071082,1.3843329446823844,9.99988181289321,8.945070461781308,1.1049497358306557,9.050078468389072,8.095454636275171,0.03637418261411266,0.03637418261411266,6.2105263157894735,1.0
6.2105263157894735,1.4736842105263157,2.7422889713146033,1.3833100303267474,10.028206176200207,8.971897026429728,1.1068695413434548,9.059971208556833,8.105649935529126,0.03634624281008993,0.03634624281008993,6.2105263157894735,1.4736842105263157
6.2105263157894735,1.9473684210526314,2.7448173629750037,1.3823007552422493,10.056279008055482,8.99838180174998,1.1088740696725388,9.068909881737246,8.114881615373411,0.036318678596269714,0.036318678596269714,6.2105263157894735,1.9473684210526314
6.2105263157894735,2.4210526315789473,2.74751623825103,1.381305343277481,10.084104660245293,9.02451839819061,1.1109739206597506,9.07681492132314,8.123069525188683,0.036291495960883734,0.036291495960883734,6.2105263157894735,2.4210526315789473
6.2105263157894735,2.894736842105263,2.7504051512645926,1.3803240697649746,10.111686830219972,9.050298878448721,1.1131806456326392,9.083599207272716,8.130125971876994,0.03626470229702962,0.03626470229702962,6.2105263157894735,2.894736842105263
6.2105263157894735,3.3684210526315788,2.7536181552733994,1.379361015805052,10.138999723458792,9.07561541861295,1.1155745365428518,9.08859013121561,8.13537340744451,0.0362384088964934,0.0362384088964934,6.2105263157894735,3.3684210526315788
6.2105263157894735,3.8421052631578947,2.756993421374067,1.378410401593463,10.16609427682871,9.100619172371324,1.1180578060747255,9.092637448254852,8.13966784447555,0.03621245782541064,0.03621245782541064,6.2105263157894735,3.8421052631578947
6.2105263157894735,4.315789473684211,2.7606420029994774,1.3774755455313226,10.192950314216963,9.125222285164448,1.1206967439935316,9.095190441880854,8.14245453470963,0.03618693955329502,0.03618693955329502,6.2105263157894735,4.315789473684211
6.2105263157894735,4.789473684210526,2.764690366046928,1.3765601760131454,10.219545563325363,9.149325860305696,1.1235664398122014,9.095630842296705,8.143110666277074,0.036161955704619934,0.036161955704619934,6.2105263157894735,4.789473684210526
6.2105263157894735,5.263157894736842,2.7690614173971815,1.3756613639826252,10.245908105256243,9.173006257254583,1.1266198248474089,9.094379380945089,8.14206004096989,0.03613742618655545,0.03613742618655545,6.2105263157894735,5.263157894736842
6.2105263157894735,5.7368421052631575,2.773929415843982,1.374784312814713,10.272005340090281,9.196125628506165,1.1299599787101264,9.090592174614889,8.138452513162227,0.036113492850838654,0.036113492850838654,6.2105263157894735,5.7368421052631575
6.2105263157894735,6.2105263157894735,2.7792380618945733,1.3739267575861467,10.297860179355162,9.218742820658079,1.1335519056364873,9.084595180996967,8.13261640231796,0.036090093729474346,0.036090093729474346,6.2105263157894735,6.2105263157894735
6.2105263157894735,6.684210526315789,2.7852484714003825,1.3730965152376509,10.323422458942606,9.240650734497498,1.1375493084381731,9.075142837646666,8.123296868058125,0.036067441935755354,0.036067441935755354,6.2105263157894735,6.684210526315789
6.2105263157894735,7.157894736842105,2.791974273987706,1.3722934374580036,10.348700526746835,9.261852224638007,1.1419577374736252,9.062244763664777,8.110503498253953,0.03604553322172355,0.03604553322172355,6.2105263157894735,7.157894736842105
6.2105263157894735,7.63157894736842,2.799450448728939,1.3715180443380346,10.37369770129522,9.282332527052953,1.1467950564248561,9.04581655037415,8.094151151985873,0.036024381579872256,0.036024381579872256,6.2105263157894735,7.63157894736842
6.2105263157894735,8.105263157894736,2.80818256973016,1.3707853809074801,10.398316350133424,9.301692981349104,1.152356070827726,9.023527200810783,8.071891333611658,0.036004397176467653,0.036004397176467653,6.2105263157894735,8.105263157894736
6.2105263157894735,8.578947368421051,2.8181392273978347,1.3700935942607728,10.42257862539151,9.319981125888235,1.158616144246528,8.995713271516278,8.044062886720099,0.0359855291987183,0.0359855291987183,6.2105263157894735,8.578947368421051
6.2105263157894735,9.052631578947368,2.8296136210014007,1.369450754165538,10.446437945409372,9.336982089496026,1.1657402545291031,8.96120546993479,8.009487579433094,0.03596799746901547,0.03596799746901547,6.2105263157894735,9.052631578947368
6.2105263157894735,9.526315789473683,2.8428879478583577,1.3688643532739395,10.469852957552597,9.352496171563944,1.1738836221081987,8.918987163948671,7.967140860835614,0.035952006030044434,0.035952006030044434,6.2105263157894735,9.526315789473683
6.2105263157894735,10.0,2.8583086511601365,1.3683435592012143,10.492771809621987,9.36627912753447,1.1832348458690465,8.867869169214162,7.915824284785368,0.03593780457172303,0.03593780457172303,6.2105263157894735,10.0
6.684210526315789,1.0,2.7375197344295006,1.3823519872186991,9.98110351434455,8.919787678916224,1.1044187278410713,9.037426895010835,8.076454567510561,0.036194136965205556,0.036194136965205556,6.684210526315789,1.0
6.684210526315789,1.4736842105263157,2.7398989529915068,1.3813665271160787,10.009479040119487,8.946665979575611,1.1063233351431432,9.047516871570279,8.086845586076366,0.03616735392919237,0.03616735392919237,6.684210526315789,1.4736842105263157
6.684210526315789,1.9473684210526314,2.7428454089889303,1.3816421191237886,10.044019194418157,8.979389668800298,1.1080258659971616,9.064787657623045,8.103953115498209,0.036174843741710365,0.036174843741710365,6.684210526315789,1.9473684210526314
6.684210526315789,2.4210526315789473,2.745133276085152,1.3794352243675982,10.065483738597976,8.999394213566946,1.1103983540718312,9.064750232822162,8.104653776337262,0.03611487274503997,0.03611487274503997,6.684210526315789,2.4210526315789473
6.684210526315789,2.894736842105263,2.7480260199033615,1.37848987095292,10.093120664381365,9.025229399475862,1.1125910611543959,9.07172546749477,8.111901771088755,0.036089187664390274,0.036089187664390274,6.684210526315789,2.894736842105263
6.684210526315789,3.3684210526315788,2.751242900698524,1.3775620642801747,10.120488978057796,9.05060120676043,1.114971334576126,9.076905086448038,8.117339815019692,0.036063981838692916,0.036063981838692916,6.684210526315789,3.3684210526315788
6.684210526315789,3.8421052631578947,2.754623168375391,1.376646275947001,10.147639768964131,9.075660189159706,1.117441965316778,9.081133592550758,8.121817929566385,0.03603910495683737,0.03603910495683737,6.684210526315789,3.8421052631578947
6.684210526315789,4.315789473684211,2.758277587579783,1.3757456866436286,10.174552522669975,9.100318410749772,1.1200691129417504,9.083861348472974,8.124782931339556,0.036014643311447006,0.036014643311447006,6.684210526315789,4.315789473684211
6.684210526315789,4.789473684210526,2.76233356112482,1.3748639289558129,10.201204371807485,9.124475758796443,1.1229284721421953,9.08446497250781,8.125607271663355,0.03599069543646768,0.03599069543646768,6.684210526315789,4.789473684210526
6.684210526315789,5.263157894736842,2.7667134964322115,1.3739981611192469,10.227623690530073,9.148209196649082,1.1259726392039318,9.083367867411996,8.124717136214706,0.03596718401757484,0.03596718401757484,6.684210526315789,5.263157894736842
6.684210526315789,5.7368421052631575,2.7720074770100114,1.3741220486784829,10.259928632868851,9.177283163543091,1.1291523471597475,9.086398889110507,8.127586314306912,0.035970548265305394,0.035970548265305394,6.684210526315789,5.7368421052631575
6.684210526315789,6.2105263157894735,2.777318049810172,1.3732684195270504,10.285687987924227,9.19980304363407,1.1327451159514241,9.080319873447428,8.12168855471683,0.035947368305797416,0.035947368305797416,6.684210526315789,6.2105263157894735
6.684210526315789,6.684210526315789,2.783336711593905,1.3724421829892541,10.31115636700159,9.22161123138164,1.1367473128119083,9.070754996108555,8.112278892105454,0.03592493418352496,0.03592493418352496,6.684210526315789,6.684210526315789
6.684210526315789,7.157894736842105,2.790076649584335,1.3716431736237904,10.336342309860326,9.242711058249219,1.14116420101123,9.057716935652985,8.099369968019408,0.035903241210332774,0.035903241210332774,6.684210526315789,7.157894736842105
6.684210526315789,7.63157894736842,2.7976769686454883,1.3708751344266932,10.361226846362282,9.26300258741657,1.1460751943212866,9.040616966235161,8.082368969605161,0.03588239080644825,0.03588239080644825,6.684210526315789,7.63157894736842
6.684210526315789,8.105263157894736,2.8063617180897533,1.3701443187549713,10.385774479502217,9.282319369291837,1.151608653154078,9.018492915155845,8.060307070348074,0.03586255250894111,0.03586255250894111,6.684210526315789,8.105263157894736
6.684210526315789,8.578947368421051,2.8163731956153013,1.3694573568091035,10.409948440842225,9.300484760195456,1.157901700877543,8.990355945545984,8.03218852960218,0.03584390604158049,0.03584390604158049,6.684210526315789,8.578947368421051
6.684210526315789,9.052631578947368,2.827920261681892,1.3688196661927219,10.433721233757474,9.317353986682317,1.1650693655054931,8.955450673300088,7.997252577866694,0.035826598180379865,0.035826598180379865,6.684210526315789,9.052631578947368
6.684210526315789,9.526315789473683,2.8412862991320034,1.3682387332592385,10.457052117375982,9.332727405339686,1.1732674431904648,8.912760835619995,7.954475733138227,0.035810831824825015,0.035810831824825015,6.684210526315789,9.526315789473683
6.684210526315789,10.0,2.8568397146084408,1.3677243350991268,10.479885904098701,9.34634458368944,1.1826971231690906,8.861005661379618,7.902568122128754,0.03579687201469595,0.03579687201469595,6.684210526315789,10.0
7.157894736842105,1.0,2.7353692989878327,1.3809167419012927,9.965731345015339,8.897807966250408,1.103795478394556,9.028603160714388,8.06110202516145,0.03603094113932439,0.03603094113932439,7.157894736842105,1.0
7.157894736842105,1.4736842105263157,2.7377398943132962,1.37993660109601,9.993979542995692,8.924565488410579,1.1056921347905895,9.038663863597513,8.071474154151264,0.03600443180546287,0.03600443180546287,7.157894736842105,1.4736842105263157
7.157894736842105,1.9473684210526314,2.740263182703912,1.37896951131424,10.021979490844442,8.950984271821305,1.107673931019757,9.047770476658158,8.080883752117167,0.03597827811407189,0.03597827811407189,7.157894736842105,1.9473684210526314
7.157894736842105,2.4210526315789473,2.7429572293439155,1.3780156925739948,10.049735314980438,8.977057620130012,1.1097515967162983,9.055842176498887,8.089249564220221,0.03595248590617442,0.03595248590617442,7.157894736842105,2.4210526315789473
7.157894736842105,2.894736842105263,2.7458418342532993,1.3770754220717887,10.077250547933476,9.002777250491313,1.1119368337148758,9.062790477284878,8.096482621601702,0.03592706256793949,0.03592706256793949,7.157894736842105,2.894736842105263
7.157894736842105,3.3684210526315788,2.7490507129769153,1.3761526014418761,10.10449949989936,9.028035696113784,1.1143097881180888,9.067944666414919,8.101908277554356,0.03590211346870141,0.03590211346870141,7.157894736842105,3.3684210526315788
7.157894736842105,3.8421052631578947,2.7524240968628733,1.3752417563141532,10.131532318687555,9.052982008033233,1.1167738342181097,9.072143354595136,8.106370090924923,0.03587749048886841,0.03587749048886841,7.157894736842105,3.8421052631578947
7.157894736842105,4.315789473684211,2.7560725286177097,1.374346053731351,10.158328954030853,9.077528791786104,1.1193949973704975,9.074838620766721,8.109316919505245,0.035853279138114744,0.035853279138114744,7.157894736842105,4.315789473684211
7.157894736842105,4.789473684210526,2.7601243452578395,1.373469131305076,10.184866656267026,9.101575525333953,1.1222495391339538,9.075402841445356,8.110117409678502,0.03582957761394438,0.03582957761394438,7.157894736842105,4.789473684210526
7.157894736842105,5.263157894736842,2.764501506900321,1.3726081479532546,10.211173601823193,9.125199248011564,1.1252897784831126,9.074261400994708,8.109199445775031,0.03580630899771408,0.03580630899771408,7.157894736842105,5.263157894736842
7.157894736842105,5.7368421052631575,2.769383771479732,1.3717682664999056,10.237215924124738,9.14825749857996,1.1286221480655971,9.07054317662543,8.105686667818475,0.03578361268274599,0.03578361268274599,7.157894736842105,5.7368421052631575
7.157894736842105,6.2105263157894735,2.77470871156784,1.3709471223103085,10.2630178624414,9.170814208426162,1.1322079470663255,9.064605039236831,8.09993803010193,0.03576142462681327,0.03576142462681327,7.157894736842105,6.2105263157894735
7.157894736842105,6.684210526315789,2.780750650825677,1.370152617692007,10.288526223038765,9.192651243541228,1.1362088402506183,9.055136572225035,8.090635205332116,0.03573995819997858,0.03573995819997858,7.157894736842105,6.684210526315789
7.157894736842105,7.157894736842105,2.787521427445303,1.3693845484169291,10.31374980323632,9.21377305088173,1.1406292551844543,9.042157875889702,8.077798293356718,0.035719207705799276,0.035719207705799276,7.157894736842105,7.157894736842105
7.157894736842105,7.63157894736842,2.795263503350944,1.368649607519837,10.338646734354585,9.233994411771663,1.1456097322997016,9.024580049264022,8.060331674413506,0.0356993537733746,0.0356993537733746,7.157894736842105,7.63157894736842
7.157894736842105,8.105263157894736,2.8040089407247155,1.36794805099457,10.363223098823752,9.253306739753487,1.1511648686209548,9.002379573343338,8.038211547263897,0.035680403111775616,0.035680403111775616,7.157894736842105,8.105263157894736
7.157894736842105,8.578947368421051,2.8140220525011084,1.3672869672366048,10.387435753711928,9.271513451192588,1.1574451576209173,8.974451778832348,8.010326355548298,0.03566254697702396,0.03566254697702396,7.157894736842105,8.578947368421051
7.157894736842105,9.052631578947368,2.8256764632600033,1.36667643210474,10.411221732597843,9.288335448043282,1.1646625211636574,8.939260552658299,7.975130374044288,0.0356460572696948,0.0356460572696948,7.157894736842105,9.052631578947368
7.157894736842105,9.526315789473683,2.8391737068958416,1.3661212160234566,10.434557087503597,9.303639468039588,1.1729242854150062,8.896189819969175,7.932003441081244,0.03563106256077874,0.03563106256077874,7.157894736842105,9.526315789473683
7.157894736842105,10.0,2.8549121635353965,1.3656315800751735,10.457379545224969,9.317140654238143,1.1824487971686504,8.843832874848324,7.879529901461989,0.03561783969027749,0.03561783969027749,7.157894736842105,10.0
7.63157894736842,1.0,2.73277009452763,1.3783422401196717,9.943541447026186,8.869295493938282,1.1033894685739005,9.011814712966157,8.038227431517534,0.03583897290463388,0.03583897290463388,7.63157894736842,1.0
7.63157894736842,1.4736842105263157,2.7351510833385846,1.377419052699727,9.971945664695562,8.896206438543981,1.1052659737402701,9.022213568151425,8.048928176481192,0.035814126279902325,0.035814126279902325,7.63157894736842,1.4736842105263157
7.63157894736842,1.9473684210526314,2.737684760924249,1.3765081376282402,10.000102473682702,8.922779322327262,1.1072280728554775,9.031655463623691,8.05866428161989,0.03578961225098019,0.03578961225098019,7.63157894736842,1.9473684210526314
7.63157894736842,2.4210526315789473,2.740785924127814,1.3765647961151708,10.033887558752992,8.954650962845932,1.1091179931786104,9.046726877089942,8.073668462615855,0.03579113694542901,0.03579113694542901,7.63157894736842,2.4210526315789473
7.63157894736842,2.894736842105263,2.7436624299332855,1.3756295484981718,10.061281489173293,8.980255476302338,1.1112957408749424,9.053648924499496,8.080887153614057,0.035765970321338575,0.035765970321338575,7.63157894736842,2.894736842105263
7.63157894736842,3.3684210526315788,2.7468633738313137,1.3747116534366277,10.088411384980576,9.005400927085825,1.1136613690117154,9.05877824776595,8.08630089690315,0.03574127297590905,0.03574127297590905,7.63157894736842,3.3684210526315788
7.63157894736842,3.8421052631578947,2.7502299316473016,1.3738056959180822,10.115326582300897,9.030234954665543,1.1161188125087187,9.06294784115726,8.0907470185617,0.03571689909795466,0.03571689909795466,7.63157894736842,3.8421052631578947
7.63157894736842,4.315789473684211,2.7538724410084705,1.3729148207024262,10.142007403829055,9.054670672843633,1.1187339749089107,9.065611335040428,8.093676312620147,0.03569293319229705,0.03569293319229705,7.63157894736842,4.315789473684211
7.63157894736842,4.789473684210526,2.7579202360354023,1.3720426791681126,10.168431256303764,9.078607105673361,1.1215837173896832,9.066136658946203,8.09445337420059,0.035669473361705825,0.035669473361705825,7.63157894736842,4.789473684210526
7.63157894736842,5.263157894736842,2.762294729887453,1.3711864276175896,10.194626142759606,9.10212145361896,1.1246200231229182,9.064951657583425,8.093508266324118,0.03564644298786771,0.03564644298786771,7.63157894736842,5.263157894736842
7.63157894736842,5.7368421052631575,2.767178546429755,1.3703512890202387,10.220558075144034,9.12506940782108,1.127951038953424,9.061171737230048,8.089951684682902,0.035623982420636136,0.035623982420636136,7.63157894736842,5.7368421052631575
7.63157894736842,6.2105263157894735,2.7725061150708474,1.3695348150746343,10.246251792541317,9.14751731321019,1.1315361734939577,9.05516945242938,8.084158091883607,0.03560202567677583,0.03560202567677583,7.63157894736842,6.2105263157894735
7.63157894736842,6.684210526315789,2.7785585453821704,1.368745076342916,10.271653445775833,9.169242256848662,1.1355411298257483,9.045602291263588,8.07477775662402,0.03558078963844046,0.03558078963844046,7.63157894736842,6.684210526315789
7.63157894736842,7.157894736842105,2.785346770533404,1.3679818377019828,10.296772061730453,9.190249506010415,1.1399697649023475,9.032495754492665,8.06183618983761,0.035560267809692736,0.035560267809692736,7.63157894736842,7.157894736842105
7.63157894736842,7.63157894736842,2.7931242656044724,1.367252078073392,10.321564149467665,9.210345644875343,1.1449691069883754,9.014709730131136,8.044187034095106,0.035540647650465884,0.035540647650465884,7.63157894736842,7.63157894736842
7.63157894736842,8.105263157894736,2.8019087075793383,1.3665556265033745,10.346039057358992,9.229534065108279,1.1505451638275144,8.99229285614557,8.021878979878045,0.0355219243638305,0.0355219243638305,7.63157894736842,8.105263157894736
7.63157894736842,8.578947368421051,2.8120829948067487,1.3659030095611477,10.370129765701272,9.247523191183168,1.15691811613077,8.963581450676415,7.993239160357217,0.03550438072440165,0.03550438072440165,7.63157894736842,8.578947368421051
7.63157894736842,9.052631578947368,2.8237438541030775,1.365296120256302,10.393832123809743,9.264259175073086,1.1641368688078129,8.928359200970947,7.9580497992135335,0.03548806738003028,0.03548806738003028,7.63157894736842,9.052631578947368
7.63157894736842,9.526315789473683,2.8373504609008964,1.3647472444148931,10.417069271603152,9.279401424895461,1.172460038667133,8.884796861345826,7.914471383983711,0.035473314320122996,0.035473314320122996,7.63157894736842,9.526315789473683
7.63157894736842,10.0,2.853246740547586,1.3642649711408439,10.43979173260995,9.292711028920298,1.182073483843034,8.831762048048981,7.861364928607319,0.03546035212921971,0.03546035212921971,7.63157894736842,10.0
8.105263157894736,1.0,2.7302228976611502,1.3758466998213714,9.921926911891763,8.8413629997021,1.1029769353395518,8.99558875076322,8.01590923293449,0.035651256684179046,0.035651256684179046,8.105263157894736,1.0
8.105263157894736,1.4736842105263157,2.732593980350385,1.3749305391462798,9.950186986115725,8.868138552006258,1.1048426102717177,9.00597686368074,8.026608015982735,0.03562671824214374,0.03562671824214374,8.105263157894736,1.4736842105263157
8.105263157894736,1.9473684210526314,2.735117831020188,1.3740265474773967,9.978201787673232,8.894578142839816,1.1067939631099852,9.015410383731618,8.036345010273548,0.03560250794074137,0.03560250794074137,8.105263157894736,1.9473684210526314
8.105263157894736,2.4210526315789473,2.7378127528326694,1.3731349406285671,10.00597519934335,8.920674691889829,1.1088418643708013,9.02380719997537,8.045037780884794,0.035578631469538886,0.035578631469538886,8.105263157894736,2.4210526315789473
8.105263157894736,2.894736842105263,2.7406988235295073,1.372255988660235,10.033510525286015,8.946419520305811,1.110998181820643,9.031077358599857,8.052596004833157,0.03555509596982583,0.03555509596982583,8.105263157894736,2.894736842105263
8.105263157894736,3.3684210526315788,2.7439096353745116,1.371393343257748,10.0607815050559,8.97170474675612,1.1133430181366835,9.036551486076462,8.05834733824565,0.03553199911890456,0.03553199911890456,8.105263157894736,3.3684210526315788
8.105263157894736,3.8421052631578947,2.7472872495632537,1.370541934816945,10.087838269487385,8.996678177617875,1.1157807991752038,9.041057416424817,8.063123316217943,0.03550920508445186,0.03550920508445186,8.105263157894736,3.8421052631578947
8.105263157894736,4.315789473684211,2.7509418510703987,1.3697047183385689,10.114660411660868,9.021252345507536,1.118377357495546,9.044049706363221,8.066376062646157,0.03548679289054104,0.03548679289054104,8.105263157894736,4.315789473684211
8.105263157894736,4.789473684210526,2.7550043938087967,1.368885179435547,10.141224014060594,9.045324016379464,1.1212105529857104,9.044888122980272,8.067462433610135,0.03546485573894067,0.03546485573894067,8.105263157894736,4.789473684210526
8.105263157894736,5.263157894736842,2.7593947721449466,1.368080596855601,10.167557944544729,9.068972145855577,1.1242314316876874,9.044007895492898,8.066819598026457,0.035443320679911114,0.035443320679911114,8.105263157894736,5.263157894736842
8.105263157894736,5.7368421052631575,2.7643001214376413,1.367296017695282,10.193625895713561,9.092047431916283,1.1275508779195789,9.040501936836423,8.063536297973387,0.03542232268830115,0.03542232268830115,8.105263157894736,5.7368421052631575
8.105263157894736,6.2105263157894735,2.769649685332427,1.366528986797969,10.219454225401227,9.114620978257312,1.1311251727687157,9.03476862811436,8.058012674182615,0.03540179593696286,0.03540179593696286,8.105263157894736,6.2105263157894735
8.105263157894736,6.684210526315789,2.775734273470998,1.3657873759871815,10.244984942383198,9.136459963024532,1.1351258616712574,9.025417610783181,8.048851912837955,0.035381950954019886,0.035381950954019886,8.105263157894736,6.684210526315789
8.105263157894736,7.157894736842105,2.7825629401457146,1.3650709075798748,10.270227463397573,9.157571213856055,1.139555645923411,9.0124843838366,8.036089546496383,0.03536278015814298,0.03536278015814298,8.105263157894736,7.157894736842105
8.105263157894736,7.63157894736842,2.790403754202946,1.3643865567872664,10.295133381484996,9.177747725501014,1.1445702138388731,8.994759130551946,8.018510017589023,0.03534447002332292,0.03534447002332292,8.105263157894736,7.63157894736842
8.105263157894736,8.105263157894736,2.799254118188236,1.3637335854857042,10.319716502058935,9.197009687800461,1.1501634845107582,8.972391004439341,7.9962629762259985,0.03532700062633257,0.03532700062633257,8.105263157894736,8.105263157894736
8.105263157894736,8.578947368421051,2.809529373007946,1.3631227982526215,10.343900221851923,9.215036672247145,1.1565747724648865,8.943563760955163,7.967523494056595,0.035310660838125646,0.035310660838125646,8.105263157894736,8.578947368421051
8.105263157894736,9.052631578947368,2.821408109185238,1.3625581964364541,10.367662678717778,9.231708525632033,1.1639007099358134,8.907686532203877,7.93169764982886,0.035295557487169185,0.035295557487169185,8.105263157894736,9.052631578947368
8.105263157894736,9.526315789473683,2.8351896785524624,1.3620469346112656,10.390958210923934,9.246812075950745,1.1723058021958055,8.86369255484447,7.887713307083237,0.0352818817376042,0.0352818817376042,8.105263157894736,9.526315789473683
8.105263157894736,10.0,2.851267652472736,1.361598460237621,10.413724325449635,9.260066009802419,1.1820049356996405,8.810220677535197,7.8342024894517825,0.03526988606370396,0.03526988606370396,8.105263157894736,10.0
8.578947368421051,1.0,2.7270167889258907,1.3716839754978145,9.890312334356151,8.803842154494218,1.10287835405809,8.967727309149106,7.982604901166197,0.035421163301163565,0.035421163301163565,8.578947368421051,1.0
8.578947368421051,1.4736842105263157,2.729405292686404,1.370849639306676,9.918837579232312,8.8308781360139,1.1047156039850816,8.978634449854534,7.993802300029026,0.03539892650492117,0.03539892650492117,8.578947368421051,1.4736842105263157
8.578947368421051,1.9473684210526314,2.731946542001371,1.3700263131329022,9.94711777579215,8.857578238410339,1.106639135484253,8.98858305010097,8.004034878573457,0.03537698493065881,0.03537698493065881,8.578947368421051,1.9473684210526314
8.578947368421051,2.4210526315789473,2.73465898751926,1.3692141967920504,9.975156647531787,8.883935140021487,1.1086599077210864,8.997490193395999,8.013219453640136,0.03535534383105352,0.03535534383105352,8.578947368421051,2.4210526315789473
8.578947368421051,2.894736842105263,2.7375628562811714,1.3684135452160968,10.002957113409623,8.909939696115583,1.1107898774591178,9.005264916791411,8.02126475665827,0.03533400992667723,0.03533400992667723,8.578947368421051,2.894736842105263
8.578947368421051,3.3684210526315788,2.740791786270966,1.3676276950920738,10.03049138996437,8.935482551371523,1.113109222956105,9.011237336913089,8.027498440486724,0.03531307204295317,0.03531307204295317,8.578947368421051,3.3684210526315788
8.578947368421051,3.8421052631578947,2.7441886629578423,1.3668520452153554,10.057811058491348,8.960712354036865,1.115522794730031,9.016230870410364,8.03274697421621,0.03529240750952308,0.03529240750952308,8.578947368421051,3.8421052631578947
8.578947368421051,4.315789473684211,2.747863539975969,1.3660892938197475,10.084894501181935,8.985540563000848,1.118096383395033,9.019700493583349,8.03646331071816,0.0352720881409845,0.0352720881409845,8.578947368421051,4.315789473684211
8.578947368421051,4.789473684210526,2.7523794191081383,1.3663663096420702,10.118140470785796,9.01602621311082,1.1207410788258236,9.028080313952938,8.044700407124111,0.03527946754783606,0.03527946754783606,8.578947368421051,4.789473684210526
8.578947368421051,5.263157894736842,2.756767182416993,1.36556798815387,10.144345668821215,9.039550280729001,1.123755433848485,9.027182751037063,8.044054790259459,0.03525820165460992,0.03525820165460992,8.578947368421051,5.263157894736842
8.578947368421051,5.7368421052631575,2.7616754960382566,1.3647896756907507,10.170286461310695,9.06249981691549,1.1270716102099065,9.02363822243431,8.040748906121134,0.035237470364910525,0.035237470364910525,8.578947368421051,5.7368421052631575
8.578947368421051,6.2105263157894735,2.767028905316414,1.3640288036216215,10.19599007615074,9.084949623179927,1.1306430870022701,9.017867966790362,8.035205563647237,0.03521720514554776,0.03521720514554776,8.578947368421051,6.2105263157894735
8.578947368421051,6.684210526315789,2.773127454864846,1.3632934469938998,10.22139731751511,9.10666018097738,1.1346468217813659,9.008439561367462,8.02598659438376,0.035197620941211656,0.035197620941211656,8.578947368421051,6.684210526315789
8.578947368421051,7.157894736842105,2.7799786442685326,1.3625832817676915,10.246518001868523,9.127639703233248,1.1390845477359999,8.995397244422376,8.013136269274295,0.03517870897590583,0.03517870897590583,8.578947368421051,7.157894736842105
8.578947368421051,7.63157894736842,2.787864728122098,1.3619056247077457,10.271301494942586,9.147670532391516,1.1441202292331925,8.977466906451408,7.995375222516981,0.03516066393801805,0.03516066393801805,8.578947368421051,7.63157894736842
8.578947368421051,8.105263157894736,2.7967640625613783,1.3612592048661551,10.29576579999486,9.166788640509806,1.1497364241239092,8.95489225527508,7.972947928039099,0.035143451815030056,0.035143451815030056,8.578947368421051,8.105263157894736
8.578947368421051,8.578947368421051,2.8071234415078563,1.3606556111839092,10.31982890179306,9.184649522341852,1.1561907769082347,8.925714603423211,7.943887553663494,0.03512738099802178,0.03512738099802178,8.578947368421051,8.578947368421051
8.578947368421051,9.052631578947368,2.819111965820621,1.3600985417105345,10.343471674259774,9.201141746098196,1.163574044255807,8.889397048105522,7.9076546881750165,0.035112549738335,0.035112549738335,8.578947368421051,9.052631578947368
8.578947368421051,9.526315789473683,2.833069889668675,1.3595961853001173,10.366641036352384,9.216020791803606,1.1720742388656702,8.844696600776063,7.863000897215216,0.035099175834815304,0.035099175834815304,8.578947368421051,9.526315789473683
8.578947368421051,10.0,2.849346929886315,1.3591567098827575,10.389284932515423,9.229042548995949,1.1818799977609291,8.790473611701625,7.808781404609912,0.03508747650785813,0.03508747650785813,8.578947368421051,10.0
9.052631578947368,1.0,2.7234288322307325,1.366321037887935,9.85149827479526,8.759381403449975,1.103055552827929,8.931098936530208,7.941015646032827,0.03516167339185496,0.03516167339185496,9.052631578947368,1.0
9.052631578947368,1.4736842105263157,2.7258483618215243,1.3655934761934208,9.880406005884392,8.786788191608261,1.1048607861387518,8.942670542606786,7.9528464597935224,0.03514237874742206,0.03514237874742206,9.052631578947368,1.4736842105263157
9.052631578947368,1.9473684210526314,2.728325925969699,1.3648730299830292,9.909096694684264,8.813945199370856,1.1066958106454015,8.953767240616452,7.964198576147813,0.03512327412876846,0.03512327412876846,9.052631578947368,1.9473684210526314
9.052631578947368,2.4210526315789473,2.7314996920204475,1.36522443656487,9.944023620304781,8.846923745467423,1.1084972023166155,8.97072504966459,7.981006832474181,0.03513259247885294,0.03513259247885294,9.052631578947368,2.4210526315789473
9.052631578947368,2.894736842105263,2.734392969568238,1.3644337352947802,9.97166759328359,8.872783023528926,1.1106126470978102,8.978528760086592,7.989088767100553,0.03511162566565227,0.03511162566565227,9.052631578947368,2.894736842105263
9.052631578947368,3.3684210526315788,2.7376120136855224,1.3636576779203111,9.999048075201317,8.898183037076738,1.1129177774448544,8.98453441741052,7.995364273456084,0.035091048705258754,0.035091048705258754,9.052631578947368,3.3684210526315788
9.052631578947368,3.8421052631578947,2.7410003223058363,1.3628917338463284,10.026215816226287,8.923271114992069,1.1153179095194703,8.989558699497652,8.00065258419155,0.03507074139614937,0.03507074139614937,9.052631578947368,3.8421052631578947
9.052631578947368,4.315789473684211,2.7446679987486045,1.3621385692479628,10.0531495177275,8.94795909088542,1.1178787924689397,8.993058626261421,8.004409021055865,0.035050774358752826,0.035050774358752826,9.052631578947368,4.315789473684211
9.052631578947368,4.789473684210526,2.7487500164806047,1.3614014346209167,10.079823152281703,8.972139340746756,1.120680662315319,8.994375910312268,8.005973193300555,0.03503123368343962,0.03503123368343962,9.052631578947368,4.789473684210526
9.052631578947368,5.263157894736842,2.7531621963291815,1.3606777714926503,10.106267170255983,8.99589477570657,1.123672123193867,8.993964486304472,8.005800437708743,0.035012051464367755,0.035012051464367755,9.052631578947368,5.263157894736842
9.052631578947368,5.7368421052631575,2.7581025763431724,1.3599724163410496,10.132441013172171,9.019065461113618,1.1269705291092602,8.99086600000152,8.002929294204476,0.03499335581480558,0.03499335581480558,9.052631578947368,5.7368421052631575
9.052631578947368,6.2105263157894735,2.7634879986068186,1.359282834190827,10.15837462123579,9.041733535802265,1.1305247372836,8.985539445730405,7.997820160510193,0.03497507945248299,0.03497507945248299,9.052631578947368,6.2105263157894735
9.052631578947368,6.684210526315789,2.769632018486021,1.358616712247069,10.184002200296778,9.06364496916436,1.1345197656602775,8.976487240281623,7.988970526123379,0.034957426012592,0.034957426012592,9.052631578947368,6.684210526315789
9.052631578947368,7.157894736842105,2.776634749454271,1.3579761087638336,10.209311958767085,9.084730490442876,1.1390122273966146,8.963303214138461,7.9759727524676425,0.03494044991835641,0.03494044991835641,9.052631578947368,7.157894736842105
9.052631578947368,7.63157894736842,2.7845110239463398,1.3573608706251001,10.234312573993225,9.104993561844022,1.1440073984151764,8.946019569603386,7.958858985053253,0.03492414698799308,0.03492414698799308,9.052631578947368,7.63157894736842
9.052631578947368,8.105263157894736,2.7934983679235863,1.3567764300577534,10.258961937250884,9.124253589033458,1.149641487420407,8.923618405830315,7.936607793710261,0.034908661036603665,0.034908661036603665,9.052631578947368,8.105263157894736
9.052631578947368,8.578947368421051,2.8039910059680455,1.3562319642894747,10.283185694749735,9.142206152828516,1.1561407123544862,8.894406697094835,7.907520300198034,0.0348942350771916,0.0348942350771916,9.052631578947368,8.578947368421051
9.052631578947368,9.052631578947368,2.8162356890222817,1.3557327357351645,10.306946188652853,9.158675499821536,1.163640960559018,8.857496889505638,7.8707056645906235,0.03488100836498938,0.03488100836498938,9.052631578947368,9.052631578947368
9.052631578947368,9.526315789473683,2.8304183976884465,1.3552823415005923,10.330221004799817,9.173540699627065,1.1722392372390245,8.81238289645601,7.825655726414267,0.034869076024879465,0.034869076024879465,9.052631578947368,9.526315789473683
9.052631578947368,10.0,2.846896864600297,1.3548884219463657,10.352952164443828,9.18654730593298,1.182128805219311,8.757888411765016,7.771189793677916,0.03485864029468986,0.03485864029468986,9.052631578947368,10.0
9.526315789473683,1.0,2.718969627915733,1.3589671435606887,9.800784793276412,8.703586552887389,1.1035384907231738,8.881235113832538,7.886980495971402,0.034852329569308366,0.034852329569308366,9.526315789473683,1.0
9.526315789473683,1.4736842105263157,2.7214194173992934,1.358369022992824,9.830161237546259,8.73145256253019,1.1052998514401544,8.893660145469136,7.899623392831829,0.03483654830919394,0.03483654830919394,9.526315789473683,1.4736842105263157
9.526315789473683,1.9473684210526314,2.7240220850588304,1.3577783279349858,9.85929056000609,8.758980266686041,1.1071493027025012,8.905113823347952,7.911290957150737,0.034820963837336794,0.034820963837336794,9.526315789473683,1.9473684210526314
9.526315789473683,2.4210526315789473,2.726796438816288,1.3571952277328443,9.888175506859186,8.786161185897551,1.1090979982533815,8.9155110931867,7.9218979745108955,0.03480558058847018,0.03480558058847018,9.526315789473683,2.4210526315789473
9.526315789473683,2.894736842105263,2.729665257365675,1.3566179941873504,9.91684849520278,8.813075341209101,1.1110990585234648,8.925260460918077,7.931853846515507,0.034790352940164346,0.034790352940164346,9.526315789473683,2.894736842105263
9.526315789473683,3.3684210526315788,2.732951366510676,1.356052811183598,9.945217708195717,8.839433811718697,1.1133469916023904,8.932720691041713,7.93951380691881,0.034775443987310285,0.034775443987310285,9.526315789473683,3.3684210526315788
9.526315789473683,3.8421052631578947,2.7364078024951874,1.3554945812555426,9.97336859119968,8.865473744110385,1.1156922344570348,8.939175413417967,7.946164247011073,0.03476071922379471,0.03476071922379471,9.526315789473683,3.8421052631578947
9.526315789473683,4.315789473684211,2.7404383663118765,1.3556501647209542,10.005676992396738,8.895323705061944,1.1180853734288296,8.948938274464993,7.95585374467665,0.034764823064257815,0.034764823064257815,9.526315789473683,4.315789473684211
9.526315789473683,4.789473684210526,2.7445528030170183,1.3550128018357928,10.032703302063323,8.919846169984135,1.1208567404625043,8.950923824505423,7.958060872528185,0.03474801165935184,0.03474801165935184,9.526315789473683,4.789473684210526
9.526315789473683,5.263157894736842,2.74899821583922,1.3543869797909243,10.059496368981728,8.943939801723166,1.1238188784253826,8.951172259249107,7.958524254597679,0.03473150563696018,0.03473150563696018,9.526315789473683,5.263157894736842
9.526315789473683,5.7368421052631575,2.7539810251776773,1.353777090906412,10.08601027605477,8.967434480220401,1.1270941426739411,8.948684847324744,7.956242642647291,0.03471542078048003,0.03471542078048003,9.526315789473683,5.7368421052631575
9.526315789473683,6.2105263157894735,2.7595052465675347,1.3531828846143412,10.112253975174827,8.990338500831898,1.1306833019003788,8.943489267223464,7.951243717601138,0.03469975040992857,0.03469975040992857,9.526315789473683,6.2105263157894735
9.526315789473683,6.684210526315789,2.765610256949161,1.3526049152653647,10.138227091994592,9.012629611713665,1.1346079861464038,8.935444854771548,7.94338636935235,0.03468450907419929,0.03468450907419929,9.526315789473683,6.684210526315789
9.526315789473683,7.157894736842105,2.7726990362871535,1.352051734699827,10.163838735158336,9.033976356216437,1.139105178935326,8.922651677045357,7.930765765335312,0.034669922202029246,0.034669922202029246,9.526315789473683,7.157894736842105
9.526315789473683,7.63157894736842,2.780664547074294,1.3515205026294963,10.189128648901914,9.054487038607919,1.1441074998972414,8.905744127904988,7.914017729471359,0.03465591480162222,0.03465591480162222,9.526315789473683,7.63157894736842
9.526315789473683,8.105263157894736,2.7898663270811364,1.3510185961595107,10.214021457704773,9.073875048051262,1.1498230941700252,8.883124290591452,7.891540093479374,0.03464268129033534,0.03464268129033534,9.526315789473683,8.105263157894736
9.526315789473683,8.578947368421051,2.800504962727258,1.3505497601331233,10.238484035538155,9.091994087556152,1.1563635497418583,8.854035599637976,7.86257409236551,0.034630320290955675,0.034630320290955675,9.526315789473683,8.578947368421051
9.526315789473683,9.052631578947368,2.812893067380242,1.3501200246133183,10.262458652254681,9.108609158935998,1.1639036011245354,8.81727545334454,7.825913718400288,0.0346189906632846,0.0346189906632846,9.526315789473683,9.052631578947368
9.526315789473683,9.526315789473683,2.8273882989616377,1.3497361890457749,10.285880219383323,9.12345529774227,1.1726402666464668,8.7715563859998,7.7802677916166525,0.0346088715348992,0.0346088715348992,9.526315789473683,9.526315789473683
9.526315789473683,10.0,2.8441976548479055,1.349401639261758,10.308721352018281,9.136399565216195,1.182677672189537,8.716425104173437,7.725181408305125,0.034600052032529804,0.034600052032529804,9.526315789473683,10.0
10.0,1.0,2.713463451559508,1.3489336832402838,9.73395772207125,8.632375087369082,1.1044931662637971,8.813053823590966,7.815688997488397,0.03447578106992704,0.03447578106992704,10.0,1.0
10.0,1.4736842105263157,2.715943765673754,1.3484790503122446,9.763816704650695,8.660715714559906,1.1062029275626861,8.82642457488651,7.8292287054801,0.03446384869136005,0.03446384869136005,10.0,1.4736842105263157
10.0,1.9473684210526314,2.718576936768635,1.3480296655906145,9.793427307741847,8.688716788536484,1.1080016653433296,8.83882002533563,7.84179036937112,0.03445205454589685,0.03445205454589685,10.0,1.9473684210526314
10.0,2.4210526315789473,2.721382014711009,1.3475856733109193,9.82279177040712,8.716369211150338,1.1099006562259024,8.850154034333547,7.85328773548924,0.034440402401679206,0.034440402401679206,10.0,2.4210526315789473
10.0,2.894736842105263,2.7243799139694884,1.3471472481243651,9.851911524244622,8.743662006883875,1.111912234442195,8.860331975020456,7.863626045332835,0.03442889682462952,0.03442889682462952,10.0,2.894736842105263
10.0,3.3684210526315788,2.727608437174971,1.346714822503726,9.88078250160533,8.770568492107138,1.1140588292321951,8.869174806877233,7.872625988837393,0.03441754914576116,0.03441754914576116,10.0,3.3684210526315788
10.0,3.8421052631578947,2.731098823558304,1.346288718608597,9.90940299222505,8.797068478016218,1.11635878709838,8.876539609619051,7.880144429983305,0.03440636779988866,0.03440636779988866,10.0,3.8421052631578947
10.0,4.315789473684211,2.7348714082771832,1.345869098164084,9.937774873868488,8.823152110406301,1.1188237699990264,8.882341562940816,7.886096404989662,0.03439535701109588,0.03439535701109588,10.0,4.315789473684211
10.0,4.789473684210526,2.7390687192135807,1.3454579308030337,9.965861753294213,8.848697298326464,1.1215386439587431,8.885883519909115,7.8897836877852345,0.03438456843970251,0.03438456843970251,10.0,4.789473684210526
10.0,5.263157894736842,2.743596939956384,1.3450536636851587,9.993702229988669,8.87380058231738,1.1244461259765937,8.887666557887803,7.891708083933667,0.03437396131809733,0.03437396131809733,10.0,5.263157894736842
10.0,5.7368421052631575,2.7486741804903456,1.3446593544812868,10.021237914865893,8.898272751493334,1.1276757446470047,8.886630720254457,7.890807968277045,0.03436361584862666,0.03436361584862666,10.0,5.7368421052631575
10.0,6.2105263157894735,2.7545751353448225,1.3449323253929568,10.052652456538635,8.926122341707307,1.131125705937359,8.887299089545529,7.891361936921297,0.03437077773213294,0.03437077773213294,10.0,6.2105263157894735
10.0,6.684210526315789,2.760843160078166,1.3444656370800352,10.078989621567178,8.948693372202678,1.1350884363913165,8.879475200725675,7.883697062981671,0.034358533432024475,0.034358533432024475,10.0,6.684210526315789
10.0,7.157894736842105,2.7679364694241015,1.3440160407578743,10.104991110422906,8.970442824017438,1.1395298845148003,8.867684163215696,7.872055788898381,0.034346738060632966,0.034346738060632966,10.0,7.157894736842105
10.0,7.63157894736842,2.7760127206186764,1.3435860244089102,10.130626857746046,8.991249718885534,1.1445399095519724,8.851265712273554,7.855776494858216,0.034335456832095004,0.034335456832095004,10.0,7.63157894736842
10.0,8.105263157894736,2.7853816992840628,1.343180707780609,10.155828571325722,9.010865473708863,1.1502966449202752,8.82887785179066,7.8335145229719325,0.034324823991767006,0.034324823991767006,10.0,8.105263157894736
10.0,8.578947368421051,2.7962285460668195,1.3428028767306588,10.180563844024762,9.029154417124023,1.1569021790929932,8.799848447002049,7.804596257397357,0.034314912546331754,0.034314912546331754,10.0,8.578947368421051
10.0,9.052631578947368,2.8088688994963715,1.3424575168883437,10.204768580404526,9.04587436549458,1.1645324974113334,8.762974501002715,7.767816171384538,0.03430585320014663,0.03430585320014663,10.0,9.052631578947368
10.0,9.526315789473683,2.823720491132674,1.3421512350790892,10.228356114837828,9.060704584146018,1.1734188826242602,8.716713414363083,7.721628412764635,0.03429781917270047,0.03429781917270047,10.0,9.526315789473683
10.0,10.0,2.8409401084850745,1.3418859183474685,10.251308753769342,9.073552867669825,1.1836350491174987,8.660869548779052,7.665836589103149,0.03429085987488336,0.03429085987488336,10.0,10.0
